,ResponseId,LocationLatitude,LocationLongitude,Sex,Age,EDuc,Etnia,Q69,Q70,Identity Fusion_1,Identity Fusion_2,Identity Fusion_3,Identity Fusion_4,Identity Fusion_5,Identity Fusion_6,Identity Fusion_7,Region,IdPol,IdF_1,IdF_2,IdF_3,IdF_4,IdF_5,IdF_6,IdF_7,OriPol_1,IdPolUribe_1,IdPolUribe_2,IdPolUribe_3,IdPolUribe_4,IdPolUribe_5,IdPolUribe_6,IdPolUribe_7,IdPolUribe_8,CollUnc_1,CollUnc_2,CollUnc_3,CollUnc_4,SRW_1,SRW_2,SRW_3,Q74_1,Q74_2,Q74_3,Q71_1,Q71_2,Q71_3,Q75_1,Q75_2,Q75_3,Q73_1,Q73_2,InterGcontact_1,InterGcontact_2,InterGcontact_3,InterGcontact_4,InterGcontact_5,InterGcontact_6,InterGcontact_7,NormSoc_1,NormSoc_2,NormSoc_3,NormSoc_4,NormSoc_5,Salment_1,Salment_2,Salment_3,Salment_4,Salment_5,Salment_6,Salment_7,SatVida_1,SatVida_2,SatVida_3,SatVida_4,SatVida_5,O-C-Test_1,O-C-Test2_1,O-C-T3_1,O-C-T4_1,O-C-T5_1,Q52_1,Q53_1,Q54_1,Q55_1,Q56_1,ActRadic_1,ActRadic_2,ActRadic_3,Q76_1,Q76_2,Q76_3,Q72_1,Q72_2,Q72_3,Q72_4,Q78_1,Q78_2,Q78_3,Q78_4,Deshum_1,Deshum_2,Deshum_3,Q63,Q64,Duration in minutes,minutes_per_question
88,R_1kLcWuTC7wCd3kf,3.4129,-76.5191,1,35,5,4,CALI,VALLE DEL CAUCA,2.0,0.0,1.0,1,2.0,2.0,1.0,De otra región. Cuàl?,1,2.0,2.0,1.0,2.0,2.0,2.0,1.0,0,7.0,7.0,7.0,7.0,7.0,7.0,7.0,7.0,7.0,7.0,7.0,5.0,1.0,7.0,3.0,7.0,7.0,5.0,7.0,7.0,7.0,1.0,7.0,5.0,7.0,7.0,3,0.0,2.0,6,2.0,4,1,9.0,30.0,40.0,11.0,20.0,2,1.0,0,1.0,0.0,2.0,0.0,7.0,7.0,7.0,5.0,7.0,2,2,1.0,2.0,2,1,0.0,0,0,0,7.0,7.0,7.0,7.0,1.0,7.0,7.0,7.0,5.0,7.0,1.0,7.0,5.0,7.0,71.0,94.0,48.0,1,2,56.13333333333333,21.452229299363058
253,R_3lS6rYyZtlfoUM0,3.4129,-76.5191,1,55,4,0,CALI,VALLE DEL CAUCA,5.0,5.0,5.0,5,5.0,5.0,5.0,De otra región. Cuàl?,0,5.0,5.0,7.0,7.0,7.0,7.0,7.0,4,7.0,7.0,7.0,7.0,7.0,7.0,7.0,7.0,5.0,5.0,7.0,7.0,5.0,5.0,7.0,5.0,7.0,5.0,5.0,5.0,7.0,5.0,5.0,3.0,3.0,5.0,4,4.0,4.0,4,3.0,3,3,54.0,52.0,53.0,52.0,52.0,0,0.0,0,0.0,0.0,1.0,0.0,7.0,5.0,5.0,5.0,5.0,0,0,0.0,0.0,0,0,0.0,0,0,0,3.0,7.0,3.0,3.0,7.0,3.0,3.0,3.0,3.0,3.0,3.0,7.0,7.0,7.0,18.0,18.0,15.0,3,3,25.533333333333335,9.757961783439491
255,R_2zoHnCAn6RAEMZ3,4.6913,-74.032,1,34,5,3,CALI,VALLE DEL CAUCA,5.0,7.0,7.0,5,7.0,7.0,7.0,Valluno,1,4.0,7.0,4.0,7.0,7.0,7.0,7.0,1,5.0,7.0,7.0,7.0,4.0,7.0,7.0,7.0,5.0,5.0,5.0,5.0,5.0,5.0,5.0,5.0,5.0,5.0,5.0,5.0,5.0,5.0,5.0,5.0,5.0,5.0,6,0.0,0.0,4,4.0,4,4,100.0,93.0,82.0,0.0,100.0,0,0.0,0,0.0,0.0,0.0,0.0,5.0,5.0,5.0,5.0,5.0,0,0,0.0,0.0,0,0,0.0,0,4,4,1.0,1.0,1.0,1.0,1.0,1.0,1.0,1.0,5.0,5.0,1.0,1.0,1.0,1.0,0.0,0.0,0.0,2,5,12.7,4.853503184713376
256,R_1dKXNeYwm48UtUJ,3.4129,-76.5191,1,55,4,0,CALI,VALLE DEL CAUCA,5.0,5.0,5.0,5,5.0,1.0,4.0,De otra región. Cuàl?,7,3.0,3.0,3.0,3.0,7.0,7.0,7.0,4,3.0,7.0,7.0,7.0,7.0,7.0,7.0,7.0,5.0,5.0,7.0,3.0,5.0,5.0,3.0,5.0,5.0,5.0,5.0,5.0,7.0,5.0,5.0,7.0,5.0,5.0,2,2.0,2.0,2,2.0,2,2,81.0,60.0,65.0,69.0,67.0,0,0.0,0,0.0,0.0,0.0,0.0,5.0,5.0,5.0,5.0,5.0,0,0,0.0,4.0,0,0,0.0,0,4,0,7.0,7.0,7.0,7.0,7.0,7.0,7.0,7.0,5.0,7.0,7.0,7.0,7.0,7.0,17.0,19.0,24.0,3,3,37.63333333333333,14.382165605095542
261,R_3staFjzi5giVh5F,3.4129,-76.5191,1,46,4,0,CALI,VALLE DEL CAUCA,5.0,5.0,6.0,6,5.0,5.0,5.0,De otra región. Cuàl?,5,3.0,3.0,3.0,5.0,3.0,3.0,3.0,2,0.0,0.0,3.0,3.0,0.0,7.0,3.0,3.0,7.0,7.0,7.0,7.0,5.0,5.0,7.0,5.0,5.0,5.0,5.0,5.0,3.0,7.0,7.0,5.0,3.0,7.0,6,6.0,6.0,6,6.0,6,6,,,,,0.0,0,0.0,0,0.0,0.0,0.0,0.0,5.0,3.0,7.0,3.0,3.0,0,0,0.0,4.0,1,0,0.0,0,0,0,7.0,7.0,7.0,7.0,7.0,7.0,5.0,5.0,5.0,5.0,5.0,5.0,5.0,7.0,,50.0,,1,2,123.6,47.23566878980892
356,R_3O8nok98vnJiohy,6.2529,-75.5646,1,58,3,4,CALI,ANTIOQUIA,1.0,5.0,4.0,5,3.0,1.0,4.0,Antioqueño,4,4.0,1.0,1.0,1.0,3.0,1.0,1.0,0,5.0,5.0,1.0,3.0,1.0,1.0,1.0,1.0,5.0,5.0,5.0,5.0,5.0,5.0,1.0,5.0,5.0,5.0,5.0,5.0,5.0,5.0,5.0,1.0,1.0,5.0,2,1.0,1.0,0,2.0,3,0,0.0,,50.0,80.0,100.0,0,0.0,0,0.0,4.0,3.0,1.0,7.0,5.0,5.0,7.0,5.0,0,0,0.0,2.0,1,0,0.0,0,0,0,7.0,7.0,7.0,7.0,7.0,7.0,7.0,7.0,7.0,7.0,7.0,7.0,7.0,7.0,100.0,0.0,52.0,0,1,31.516666666666666,12.044585987261147
358,R_x0nFPGLLPTfwGat,6.2529,-75.5646,1,57,3,4,CALI,ANTIOQUIA,0.0,5.0,5.0,5,1.0,0.0,1.0,Antioqueño,6,7.0,5.0,3.0,5.0,1.0,1.0,1.0,3,7.0,7.0,0.0,0.0,0.0,0.0,0.0,0.0,7.0,7.0,7.0,7.0,7.0,7.0,1.0,7.0,7.0,5.0,5.0,5.0,5.0,7.0,1.0,5.0,5.0,7.0,2,0.0,2.0,6,2.0,0,0,0.0,0.0,0.0,0.0,60.0,3,5.0,4,2.0,5.0,4.0,0.0,3.0,7.0,7.0,1.0,1.0,0,0,0.0,0.0,0,0,0.0,0,0,0,7.0,7.0,7.0,7.0,7.0,7.0,5.0,7.0,5.0,5.0,7.0,7.0,7.0,7.0,90.0,10.0,33.0,0,1,29.7,11.35031847133758
362,R_1i9bQ8Raps7q0UG,6.2529,-75.5646,1,47,0,4,CALI,ANTIOQUIA,5.0,5.0,5.0,5,3.0,3.0,5.0,Antioqueño,6,5.0,3.0,3.0,3.0,1.0,1.0,3.0,3,5.0,4.0,0.0,0.0,0.0,0.0,0.0,1.0,5.0,5.0,5.0,5.0,5.0,5.0,7.0,5.0,7.0,5.0,5.0,5.0,5.0,5.0,5.0,7.0,3.0,5.0,3,0.0,1.0,3,1.0,1,0,61.0,70.0,60.0,59.0,46.0,2,0.0,0,0.0,0.0,0.0,0.0,7.0,5.0,7.0,7.0,3.0,1,1,1.0,0.0,1,1,1.0,1,1,1,7.0,7.0,7.0,7.0,7.0,7.0,5.0,5.0,5.0,5.0,5.0,5.0,5.0,7.0,86.0,75.0,64.0,0,1,41.333333333333336,15.796178343949045
371,R_3fYLidYeX2t83pO,6.2529,-75.5646,1,57,3,4,CALI,ANTIOQUIA,4.0,5.0,5.0,5,5.0,4.0,5.0,Antioqueño,3,5.0,4.0,5.0,5.0,4.0,1.0,1.0,3,7.0,1.0,0.0,0.0,0.0,0.0,0.0,0.0,7.0,7.0,7.0,7.0,7.0,7.0,1.0,7.0,7.0,7.0,7.0,7.0,7.0,7.0,7.0,7.0,5.0,5.0,0,0.0,3.0,3,0.0,0,0,,,,,,0,0.0,0,4.0,5.0,1.0,4.0,7.0,7.0,3.0,3.0,7.0,0,0,0.0,0.0,0,0,0.0,0,0,0,7.0,7.0,7.0,7.0,7.0,7.0,5.0,5.0,5.0,5.0,5.0,5.0,5.0,1.0,99.0,8.0,3.0,0,1,27.6,10.547770700636942
478,R_OOjYJoHT9WqsrEB,4.6457,-74.0901,1,38,4,4,CALI,VALLE DEL CAUCA,4.0,4.0,5.0,4,4.0,3.0,5.0,Valluno,6,5.0,3.0,4.0,3.0,3.0,2.0,4.0,3,7.0,3.0,0.0,0.0,4.0,0.0,0.0,0.0,7.0,7.0,7.0,5.0,3.0,7.0,5.0,7.0,3.0,3.0,7.0,7.0,7.0,7.0,3.0,7.0,1.0,7.0,0,3.0,1.0,2,0.0,0,2,70.0,50.0,51.0,100.0,79.0,6,0.0,5,1.0,4.0,0.0,0.0,7.0,1.0,7.0,7.0,7.0,0,2,2.0,2.0,1,0,1.0,2,2,0,7.0,7.0,7.0,7.0,7.0,7.0,7.0,7.0,7.0,7.0,7.0,7.0,7.0,7.0,100.0,,41.0,0,1,77.45,29.598726114649683
526,R_1JIoNlRNkrdR0Yx,4.6115,-74.0833,1,34,5,3,CALI,VALLE DEL CAUCA,0.0,7.0,1.0,1,1.0,5.0,5.0,Valluno,5,7.0,7.0,5.0,5.0,5.0,5.0,5.0,2,0.0,5.0,5.0,5.0,5.0,5.0,7.0,7.0,5.0,5.0,5.0,5.0,5.0,5.0,5.0,5.0,5.0,5.0,5.0,5.0,5.0,5.0,5.0,5.0,5.0,5.0,0,7.0,0.0,0,7.0,5,3,87.0,60.0,36.0,18.0,19.0,0,7.0,1,7.0,3.0,4.0,5.0,1.0,1.0,1.0,5.0,5.0,0,0,0.0,0.0,0,0,0.0,0,2,3,7.0,5.0,5.0,5.0,5.0,5.0,5.0,5.0,5.0,5.0,1.0,1.0,1.0,1.0,18.0,12.0,0.0,1,2,13.133333333333333,5.019108280254777
699,R_1IHsibnCUgCT6sD,3.4129,-76.5191,0,60,0,1,CALI,VALLE DEL CAUCA,2.0,6.0,6.0,4,5.0,2.0,5.0,Antioqueño,6,5.0,4.0,4.0,4.0,4.0,4.0,4.0,1,5.0,5.0,4.0,2.0,1.0,0.0,0.0,0.0,7.0,7.0,5.0,5.0,7.0,5.0,5.0,7.0,7.0,5.0,7.0,7.0,3.0,5.0,7.0,7.0,7.0,7.0,2,2.0,3.0,2,3.0,3,4,70.0,60.0,53.0,89.0,77.0,1,0.0,0,3.0,0.0,0.0,0.0,5.0,5.0,7.0,5.0,5.0,1,1,1.0,2.0,1,1,1.0,1,3,1,1.0,1.0,7.0,1.0,1.0,7.0,5.0,5.0,5.0,5.0,5.0,5.0,5.0,1.0,96.0,92.0,92.0,5,3,31.6,12.07643312101911
730,R_1OEaUWwE0uVWxAg,3.4129,-76.5191,0,37,5,1,CALI,VALLE DEL CAUCA,5.0,5.0,5.0,2,2.0,0.0,1.0,Valluno,4,3.0,3.0,2.0,3.0,5.0,1.0,4.0,1,0.0,0.0,0.0,0.0,4.0,3.0,0.0,0.0,5.0,7.0,7.0,7.0,7.0,5.0,3.0,7.0,5.0,5.0,5.0,7.0,3.0,5.0,5.0,5.0,7.0,5.0,4,5.0,2.0,4,2.0,2,2,69.0,95.0,97.0,46.0,86.0,0,0.0,0,6.0,0.0,0.0,0.0,7.0,7.0,7.0,7.0,3.0,0,0,0.0,3.0,0,0,0.0,0,0,0,7.0,7.0,7.0,7.0,7.0,7.0,7.0,7.0,7.0,7.0,7.0,7.0,7.0,7.0,75.0,75.0,100.0,2,5,23.1,8.828025477707007
731,R_bjXl3fp6r51FRrX,3.4129,-76.5191,1,36,5,1,CALI,VALLE DEL CAUCA,6.0,6.0,6.0,5,4.0,3.0,1.0,Valluno,5,3.0,3.0,3.0,3.0,1.0,3.0,3.0,1,0.0,0.0,0.0,0.0,3.0,3.0,0.0,1.0,5.0,5.0,5.0,5.0,5.0,7.0,5.0,5.0,3.0,5.0,5.0,5.0,5.0,5.0,5.0,5.0,5.0,5.0,2,4.0,2.0,2,2.0,2,4,0.0,0.0,16.0,19.0,0.0,0,0.0,0,0.0,0.0,0.0,0.0,3.0,3.0,5.0,5.0,7.0,0,1,2.0,4.0,1,0,2.0,2,2,0,7.0,7.0,7.0,7.0,7.0,7.0,7.0,7.0,7.0,7.0,7.0,7.0,7.0,7.0,12.0,80.0,50.0,1,2,28.816666666666666,11.012738853503185
738,R_Op6QsNgCPq6PQCR,3.4129,-76.5191,0,44,0,1,CALI,VALLE DEL CAUCA,6.0,6.0,6.0,6,5.0,6.0,5.0,Valluno,6,5.0,5.0,4.0,4.0,4.0,4.0,4.0,3,7.0,7.0,0.0,0.0,0.0,0.0,0.0,0.0,7.0,7.0,7.0,5.0,7.0,1.0,7.0,5.0,7.0,5.0,7.0,7.0,7.0,7.0,7.0,7.0,7.0,7.0,5,5.0,4.0,5,5.0,5,5,97.0,100.0,100.0,98.0,99.0,0,0.0,0,5.0,0.0,0.0,0.0,7.0,7.0,7.0,7.0,7.0,0,0,0.0,0.0,0,0,0.0,0,0,0,7.0,7.0,1.0,7.0,7.0,7.0,5.0,3.0,5.0,5.0,7.0,7.0,7.0,7.0,100.0,19.0,51.0,0,1,36.45,13.929936305732484
739,R_1rjFYyLaYeYyxlB,3.4129,-76.5191,1,47,5,4,CALI,VALLE DEL CAUCA,2.0,4.0,4.0,2,4.0,0.0,2.0,Valluno,6,7.0,7.0,7.0,5.0,5.0,5.0,5.0,3,7.0,7.0,0.0,0.0,0.0,0.0,0.0,0.0,7.0,7.0,7.0,7.0,7.0,7.0,7.0,7.0,5.0,7.0,5.0,7.0,1.0,5.0,7.0,7.0,1.0,5.0,1,1.0,2.0,4,3.0,2,1,82.0,50.0,86.0,91.0,46.0,1,0.0,0,0.0,0.0,0.0,0.0,5.0,5.0,5.0,5.0,7.0,0,0,0.0,0.0,0,0,0.0,0,0,0,7.0,7.0,7.0,7.0,7.0,7.0,5.0,5.0,5.0,7.0,5.0,5.0,5.0,5.0,100.0,11.0,91.0,0,1,36.85,14.0828025477707
748,R_2P6Yy7DaAxlA2my,3.4129,-76.5191,1,47,5,4,CALI,VALLE DEL CAUCA,2.0,4.0,4.0,2,4.0,4.0,4.0,Valluno,6,5.0,4.0,5.0,4.0,4.0,4.0,4.0,3,7.0,7.0,0.0,0.0,0.0,0.0,0.0,0.0,7.0,7.0,7.0,7.0,7.0,7.0,7.0,5.0,5.0,7.0,7.0,7.0,7.0,5.0,7.0,7.0,7.0,5.0,1,1.0,2.0,2,1.0,1,3,86.0,81.0,51.0,87.0,50.0,0,0.0,0,0.0,0.0,0.0,0.0,5.0,5.0,5.0,5.0,7.0,0,0,0.0,0.0,0,0,0.0,0,0,0,7.0,1.0,1.0,5.0,7.0,1.0,7.0,7.0,7.0,7.0,7.0,7.0,7.0,5.0,100.0,15.0,67.0,0,1,15.733333333333333,6.012738853503185
750,R_1EiiJPhgfT2lvOq,3.4129,-76.5191,0,43,3,4,CALI,VALLE DEL CAUCA,0.0,5.0,5.0,5,5.0,5.0,5.0,Valluno,4,5.0,4.0,4.0,2.0,4.0,4.0,4.0,3,5.0,5.0,1.0,1.0,5.0,1.0,1.0,1.0,5.0,5.0,5.0,5.0,5.0,5.0,5.0,5.0,7.0,7.0,5.0,5.0,5.0,5.0,5.0,7.0,7.0,5.0,2,0.0,2.0,2,0.0,0,0,9.0,8.0,11.0,,18.0,0,0.0,0,2.0,0.0,2.0,0.0,5.0,5.0,5.0,7.0,5.0,0,0,0.0,3.0,0,0,0.0,0,3,0,5.0,3.0,7.0,7.0,7.0,7.0,7.0,7.0,7.0,7.0,7.0,7.0,7.0,7.0,100.0,,8.0,5,4,18.383333333333333,7.025477707006369
752,R_3O2lZDSkGKEVPgE,3.4129,-76.5191,1,43,5,3,CALI,VALLE DEL CAUCA,0.0,0.0,5.0,0,6.0,0.0,6.0,Valluno,4,7.0,7.0,5.0,7.0,7.0,7.0,7.0,3,7.0,7.0,0.0,0.0,0.0,0.0,0.0,0.0,7.0,7.0,7.0,7.0,7.0,7.0,5.0,7.0,7.0,1.0,7.0,7.0,3.0,7.0,7.0,5.0,7.0,7.0,4,4.0,2.0,4,4.0,4,4,0.0,0.0,50.0,0.0,50.0,2,1.0,0,6.0,0.0,0.0,0.0,7.0,7.0,7.0,7.0,1.0,1,1,3.0,1.0,1,4,2.0,0,0,1,7.0,7.0,7.0,7.0,7.0,7.0,7.0,3.0,7.0,7.0,7.0,3.0,7.0,7.0,100.0,100.0,100.0,0,1,39.18333333333333,14.97452229299363
759,R_2uKuzpzIoWCjjtU,3.4129,-76.5191,1,44,4,3,CALI,VALLE DEL CAUCA,2.0,5.0,5.0,5,3.0,4.0,5.0,De otra región. Cuàl?,6,3.0,3.0,4.0,4.0,3.0,3.0,3.0,0,5.0,5.0,5.0,3.0,5.0,0.0,0.0,0.0,7.0,7.0,7.0,7.0,7.0,7.0,7.0,7.0,7.0,7.0,7.0,7.0,7.0,7.0,5.0,7.0,7.0,7.0,4,4.0,4.0,4,5.0,6,5,50.0,55.0,77.0,37.0,46.0,2,0.0,0,5.0,5.0,3.0,4.0,7.0,7.0,7.0,7.0,7.0,0,1,1.0,2.0,1,0,0.0,1,1,1,7.0,7.0,7.0,7.0,7.0,7.0,7.0,3.0,7.0,7.0,7.0,3.0,3.0,7.0,94.0,44.0,92.0,0,1,30.683333333333334,11.726114649681529
764,R_WeUOB0T49Tv56tX,3.4129,-76.5191,0,44,5,4,CALI,VALLE DEL CAUCA,4.0,5.0,5.0,5,4.0,5.0,4.0,Huilense,6,5.0,5.0,5.0,5.0,4.0,4.0,4.0,3,7.0,7.0,0.0,0.0,0.0,0.0,0.0,0.0,7.0,5.0,5.0,5.0,5.0,5.0,7.0,5.0,5.0,7.0,5.0,1.0,5.0,5.0,7.0,7.0,7.0,5.0,0,1.0,3.0,2,0.0,1,2,100.0,88.0,56.0,98.0,54.0,0,0.0,0,0.0,0.0,0.0,0.0,5.0,5.0,5.0,5.0,7.0,0,0,0.0,0.0,0,0,0.0,0,0,0,7.0,7.0,1.0,7.0,7.0,1.0,7.0,5.0,7.0,7.0,5.0,5.0,7.0,7.0,100.0,8.0,59.0,0,1,12.95,4.949044585987261
767,R_1rD0WaOPdYd7MYQ,3.4129,-76.5191,1,48,5,4,CALI,VALLE DEL CAUCA,3.0,6.0,6.0,6,5.0,5.0,5.0,Valluno,0,5.0,5.0,5.0,5.0,5.0,5.0,5.0,1,1.0,1.0,1.0,1.0,1.0,1.0,5.0,4.0,5.0,5.0,5.0,5.0,5.0,7.0,7.0,7.0,7.0,7.0,7.0,5.0,5.0,5.0,7.0,7.0,7.0,7.0,2,0.0,3.0,0,0.0,0,3,7.0,,,,,0,4.0,0,1.0,0.0,0.0,0.0,7.0,7.0,7.0,7.0,5.0,0,0,0.0,0.0,0,0,1.0,1,0,0,7.0,7.0,7.0,7.0,7.0,7.0,3.0,3.0,3.0,5.0,7.0,7.0,3.0,7.0,64.0,52.0,,5,0,61.71666666666667,23.585987261146496
772,R_Zl8TzOMLhkYhMCl,3.4129,-76.5191,0,51,4,4,CALI,VALLE DEL CAUCA,2.0,2.0,3.0,3,3.0,3.0,3.0,Valluno,4,3.0,3.0,3.0,3.0,3.0,3.0,3.0,1,0.0,0.0,3.0,3.0,3.0,3.0,3.0,3.0,3.0,3.0,3.0,3.0,3.0,3.0,3.0,3.0,3.0,3.0,3.0,3.0,3.0,3.0,3.0,3.0,3.0,3.0,2,0.0,0.0,0,0.0,3,3,47.0,88.0,,,,2,2.0,1,0.0,0.0,2.0,4.0,3.0,7.0,1.0,7.0,3.0,2,3,1.0,2.0,3,3,3.0,1,3,1,3.0,7.0,1.0,3.0,7.0,1.0,3.0,7.0,5.0,3.0,3.0,7.0,7.0,3.0,49.0,53.0,54.0,1,5,18.983333333333334,7.254777070063694
776,R_3MiecXjf1ozfzr8,3.4129,-76.5191,1,54,4,4,CALI,VALLE DEL CAUCA,6.0,6.0,6.0,6,5.0,5.0,6.0,Valluno,6,4.0,4.0,4.0,4.0,3.0,4.0,3.0,0,5.0,4.0,1.0,1.0,1.0,0.0,0.0,1.0,5.0,5.0,5.0,5.0,7.0,5.0,5.0,1.0,5.0,7.0,5.0,7.0,3.0,5.0,7.0,7.0,7.0,7.0,0,2.0,2.0,4,1.0,1,3,97.0,88.0,55.0,49.0,50.0,0,0.0,0,0.0,0.0,0.0,0.0,5.0,5.0,5.0,7.0,7.0,0,0,0.0,0.0,1,0,0.0,0,0,1,7.0,7.0,7.0,7.0,7.0,7.0,7.0,1.0,7.0,7.0,7.0,1.0,3.0,7.0,50.0,43.0,68.0,5,4,32.88333333333333,12.566878980891719
787,R_3e99WJuf6zVLxL9,41.5782,-73.415,1,42,4,3,CALI,VALLE DEL CAUCA,1.0,2.0,4.0,5,3.0,5.0,6.0,Valluno,6,4.0,2.0,3.0,4.0,3.0,4.0,4.0,0,7.0,7.0,1.0,3.0,2.0,0.0,3.0,3.0,7.0,7.0,7.0,7.0,7.0,7.0,5.0,3.0,7.0,7.0,7.0,1.0,5.0,5.0,3.0,5.0,3.0,7.0,2,2.0,4.0,3,4.0,3,5,100.0,50.0,12.0,100.0,40.0,0,2.0,0,0.0,0.0,4.0,0.0,5.0,5.0,5.0,7.0,7.0,0,0,0.0,0.0,0,0,0.0,0,0,0,7.0,7.0,7.0,7.0,7.0,7.0,7.0,7.0,7.0,7.0,7.0,7.0,7.0,7.0,100.0,15.0,50.0,0,1,26.4,10.089171974522293
788,R_3MFHZxjhuw2fvZE,3.4129,-76.5191,1,53,4,1,CALI,VALLE DEL CAUCA,2.0,0.0,0.0,0,3.0,4.0,4.0,Valluno,1,5.0,3.0,4.0,5.0,4.0,5.0,2.0,1,5.0,5.0,3.0,3.0,4.0,4.0,3.0,3.0,5.0,5.0,5.0,5.0,5.0,5.0,5.0,5.0,7.0,1.0,5.0,5.0,5.0,5.0,5.0,5.0,7.0,5.0,4,1.0,1.0,4,1.0,1,1,46.0,67.0,71.0,65.0,50.0,4,4.0,1,6.0,3.0,0.0,0.0,1.0,1.0,7.0,1.0,1.0,1,1,0.0,0.0,2,1,1.0,1,1,2,5.0,7.0,7.0,7.0,7.0,7.0,7.0,7.0,7.0,7.0,7.0,7.0,7.0,7.0,42.0,59.0,49.0,3,3,20.566666666666666,7.859872611464968
803,R_3j0y4vlfm6DPyPV,3.8794,-77.0586,0,50,0,4,CALI,VALLE DEL CAUCA,5.0,5.0,5.0,5,5.0,5.0,5.0,De otra región. Cuàl?,0,5.0,5.0,5.0,5.0,3.0,5.0,5.0,0,5.0,3.0,0.0,2.0,5.0,0.0,0.0,0.0,5.0,5.0,5.0,5.0,5.0,5.0,5.0,5.0,3.0,3.0,5.0,3.0,3.0,5.0,3.0,1.0,3.0,3.0,5,3.0,4.0,4,3.0,4,3,50.0,94.0,100.0,80.0,100.0,0,0.0,0,0.0,0.0,0.0,0.0,7.0,5.0,5.0,5.0,5.0,0,0,0.0,0.0,0,0,0.0,0,0,0,1.0,1.0,1.0,1.0,1.0,1.0,5.0,5.0,5.0,5.0,5.0,5.0,5.0,1.0,100.0,40.0,76.0,6,5,34.71666666666667,13.26751592356688
808,R_1jCmyLXbCtC5pKQ,3.4129,-76.5191,0,62,2,0,CALI,VALLE DEL CAUCA,5.0,7.0,5.0,5,5.0,5.0,5.0,De otra región. Cuàl?,4,5.0,5.0,5.0,7.0,5.0,5.0,5.0,3,5.0,5.0,0.0,1.0,1.0,0.0,1.0,1.0,5.0,5.0,5.0,5.0,7.0,7.0,5.0,7.0,5.0,5.0,5.0,5.0,5.0,5.0,5.0,5.0,5.0,5.0,3,3.0,4.0,2,2.0,3,1,0.0,10.0,15.0,,,3,3.0,1,1.0,0.0,0.0,0.0,5.0,1.0,5.0,5.0,5.0,0,0,5.0,2.0,1,0,0.0,0,3,0,1.0,1.0,1.0,1.0,1.0,1.0,5.0,5.0,5.0,5.0,5.0,5.0,5.0,1.0,100.0,1.0,33.0,3,5,42.766666666666666,16.343949044585987
810,R_yIt1KKri8t181dD,3.4129,-76.5191,3,47,3,0,CALI,VALLE DEL CAUCA,1.0,5.0,1.0,1,1.0,1.0,1.0,Valluno,0,1.0,1.0,1.0,1.0,1.0,1.0,1.0,1,1.0,1.0,1.0,1.0,1.0,1.0,1.0,1.0,5.0,5.0,5.0,5.0,5.0,5.0,5.0,5.0,5.0,5.0,1.0,1.0,5.0,5.0,5.0,1.0,1.0,5.0,0,0.0,0.0,0,0.0,0,0,,,,,,3,3.0,3,1.0,0.0,0.0,3.0,1.0,1.0,1.0,1.0,7.0,0,0,0.0,2.0,1,0,0.0,0,1,0,1.0,1.0,1.0,1.0,1.0,1.0,1.0,1.0,1.0,1.0,1.0,1.0,1.0,1.0,46.0,4.0,,3,3,55.35,21.15286624203822
905,R_3qsNwuVs5G6rDS8,3.4129,-76.5191,1,47,0,4,CALI,VALLE DEL CAUCA,3.0,5.0,4.0,5,1.0,1.0,1.0,Valluno,6,5.0,5.0,5.0,2.0,5.0,4.0,5.0,2,4.0,5.0,3.0,5.0,3.0,0.0,3.0,3.0,7.0,7.0,5.0,5.0,5.0,5.0,1.0,5.0,1.0,3.0,5.0,5.0,5.0,3.0,5.0,5.0,3.0,3.0,4,4.0,2.0,0,0.0,0,2,72.0,50.0,70.0,,,0,0.0,0,0.0,0.0,0.0,0.0,3.0,5.0,3.0,5.0,5.0,0,0,0.0,0.0,0,0,0.0,0,0,0,7.0,7.0,7.0,7.0,7.0,7.0,3.0,3.0,3.0,3.0,3.0,3.0,3.0,7.0,100.0,6.0,81.0,6,1,25.766666666666666,9.847133757961783
912,R_bjEiMCSmEk0RH8d,3.4129,-76.5191,1,42,4,1,CALI,VALLE DEL CAUCA,6.0,6.0,6.0,2,3.0,3.0,5.0,Valluno,6,5.0,5.0,3.0,4.0,4.0,3.0,3.0,0,5.0,7.0,3.0,3.0,7.0,0.0,3.0,3.0,5.0,7.0,5.0,7.0,7.0,3.0,3.0,5.0,1.0,1.0,5.0,5.0,5.0,5.0,3.0,7.0,5.0,5.0,4,0.0,7.0,1,0.0,0,0,50.0,50.0,50.0,36.0,50.0,2,0.0,2,3.0,1.0,1.0,0.0,7.0,7.0,7.0,7.0,7.0,1,1,0.0,2.0,1,1,1.0,1,1,1,7.0,7.0,7.0,7.0,7.0,7.0,5.0,5.0,5.0,5.0,5.0,7.0,7.0,7.0,98.0,,20.0,0,1,30.033333333333335,11.477707006369426
919,R_3Gewuh2Lmvi6Qz7,3.4129,-76.5191,1,40,5,3,CALI,VALLE DEL CAUCA,4.0,5.0,5.0,3,0.0,3.0,2.0,Valluno,4,1.0,1.0,1.0,1.0,1.0,1.0,1.0,0,4.0,3.0,3.0,3.0,3.0,0.0,1.0,1.0,5.0,5.0,5.0,5.0,7.0,3.0,7.0,7.0,3.0,3.0,5.0,7.0,7.0,5.0,7.0,7.0,7.0,7.0,3,0.0,2.0,2,2.0,2,4,50.0,52.0,51.0,63.0,56.0,1,1.0,1,2.0,0.0,1.0,0.0,7.0,5.0,5.0,5.0,7.0,1,0,0.0,0.0,1,1,1.0,1,3,1,7.0,7.0,7.0,7.0,7.0,7.0,7.0,7.0,7.0,7.0,1.0,7.0,7.0,7.0,98.0,97.0,98.0,0,1,364.3666666666667,139.2484076433121
942,R_1yQwHhUoLARkAJr,4.6115,-74.0833,1,51,3,3,CALI,VALLE DEL CAUCA,6.0,6.0,5.0,6,4.0,6.0,6.0,Valluno,0,3.0,3.0,3.0,3.0,3.0,3.0,3.0,1,0.0,0.0,0.0,0.0,0.0,0.0,0.0,0.0,7.0,7.0,7.0,7.0,7.0,7.0,7.0,7.0,7.0,7.0,5.0,5.0,5.0,7.0,5.0,7.0,5.0,7.0,2,0.0,0.0,3,0.0,0,2,80.0,50.0,,0.0,100.0,4,0.0,0,0.0,4.0,2.0,5.0,5.0,5.0,7.0,5.0,1.0,1,2,1.0,2.0,3,1,1.0,2,2,2,7.0,7.0,7.0,7.0,7.0,7.0,7.0,7.0,7.0,7.0,7.0,7.0,7.0,7.0,10.0,0.0,,4,1,32.45,12.401273885350319
952,R_1MSr3rvcRiKyAh4,3.4129,-76.5191,0,50,0,1,CALI,VALLE DEL CAUCA,0.0,6.0,5.0,6,5.0,5.0,5.0,Valluno,4,5.0,5.0,5.0,5.0,5.0,5.0,5.0,0,7.0,7.0,0.0,4.0,3.0,0.0,0.0,3.0,5.0,5.0,5.0,5.0,5.0,3.0,7.0,7.0,7.0,5.0,5.0,7.0,5.0,5.0,5.0,7.0,3.0,5.0,3,1.0,1.0,3,1.0,1,3,80.0,93.0,88.0,91.0,56.0,0,0.0,0,2.0,0.0,0.0,0.0,5.0,5.0,5.0,5.0,5.0,0,0,0.0,0.0,1,0,0.0,0,0,0,7.0,7.0,7.0,7.0,7.0,7.0,1.0,1.0,1.0,1.0,1.0,1.0,1.0,1.0,100.0,71.0,87.0,0,1,16.033333333333335,6.127388535031847
954,R_1f1Q0q08CrC91V4,3.4129,-76.5191,0,51,5,3,CALI,VALLE DEL CAUCA,5.0,5.0,4.0,4,3.0,4.0,4.0,Valluno,6,5.0,3.0,3.0,3.0,3.0,3.0,3.0,0,7.0,4.0,0.0,1.0,2.0,0.0,0.0,0.0,5.0,7.0,5.0,5.0,5.0,7.0,5.0,5.0,5.0,3.0,5.0,5.0,5.0,5.0,3.0,3.0,7.0,5.0,1,0.0,3.0,2,3.0,2,3,0.0,2.0,5.0,2.0,4.0,0,0.0,0,1.0,0.0,2.0,0.0,7.0,5.0,5.0,5.0,7.0,0,0,0.0,0.0,1,0,0.0,0,1,1,7.0,7.0,7.0,7.0,1.0,7.0,7.0,7.0,5.0,5.0,7.0,5.0,7.0,7.0,85.0,42.0,76.0,0,1,23.516666666666666,8.987261146496815
956,R_2Xb98pQQSzfQpAD,3.4129,-76.5191,1,53,5,1,CALI,VALLE DEL CAUCA,5.0,5.0,5.0,5,4.0,1.0,1.0,Valluno,6,1.0,1.0,1.0,1.0,1.0,1.0,1.0,3,7.0,7.0,7.0,7.0,7.0,7.0,7.0,7.0,5.0,5.0,5.0,5.0,5.0,1.0,5.0,5.0,1.0,5.0,5.0,5.0,5.0,5.0,1.0,1.0,5.0,5.0,2,2.0,2.0,2,2.0,2,2,90.0,60.0,90.0,80.0,60.0,0,0.0,0,3.0,0.0,0.0,0.0,5.0,5.0,5.0,5.0,7.0,0,0,0.0,2.0,1,0,0.0,0,2,1,7.0,7.0,7.0,7.0,7.0,7.0,5.0,5.0,5.0,5.0,5.0,1.0,1.0,1.0,90.0,90.0,90.0,0,1,95.96666666666667,36.67515923566879
970,R_6PUQyDtuBujb0Od,3.4129,-76.5191,0,59,4,4,CALI,VALLE DEL CAUCA,6.0,5.0,5.0,5,5.0,1.0,5.0,Valluno,0,1.0,7.0,4.0,5.0,3.0,3.0,5.0,1,1.0,7.0,7.0,4.0,3.0,1.0,1.0,1.0,7.0,7.0,7.0,7.0,7.0,1.0,7.0,7.0,1.0,1.0,7.0,7.0,1.0,1.0,7.0,1.0,7.0,7.0,6,6.0,6.0,6,6.0,6,2,32.0,100.0,41.0,94.0,35.0,0,0.0,3,6.0,2.0,3.0,0.0,7.0,7.0,7.0,7.0,7.0,0,2,0.0,0.0,0,0,0.0,0,2,0,7.0,7.0,7.0,7.0,3.0,7.0,5.0,1.0,5.0,7.0,7.0,7.0,7.0,7.0,90.0,27.0,83.0,0,1,33.81666666666667,12.92356687898089
976,R_yQpKbhMECahUBGN,3.4129,-76.5191,0,57,0,1,CALI,VALLE DEL CAUCA,1.0,5.0,5.0,5,5.0,5.0,5.0,Valluno,4,1.0,1.0,1.0,4.0,1.0,1.0,1.0,0,1.0,1.0,1.0,1.0,5.0,1.0,1.0,1.0,5.0,5.0,3.0,3.0,7.0,7.0,3.0,5.0,3.0,3.0,5.0,3.0,5.0,5.0,3.0,3.0,3.0,5.0,5,5.0,5.0,5,3.0,3,0,20.0,73.0,55.0,16.0,73.0,1,1.0,1,1.0,4.0,1.0,1.0,7.0,5.0,7.0,5.0,7.0,0,0,0.0,0.0,1,0,0.0,0,0,1,7.0,7.0,7.0,7.0,7.0,7.0,3.0,3.0,3.0,3.0,3.0,3.0,3.0,7.0,49.0,49.0,96.0,6,5,26.866666666666667,10.26751592356688
989,R_2dyY2fnEafc1Liq,3.4129,-76.5191,0,55,0,1,CALI,VALLE DEL CAUCA,4.0,4.0,5.0,4,3.0,4.0,3.0,Valluno,6,4.0,4.0,4.0,4.0,3.0,4.0,5.0,0,4.0,4.0,3.0,2.0,2.0,0.0,3.0,2.0,7.0,5.0,5.0,5.0,7.0,3.0,5.0,7.0,7.0,3.0,5.0,7.0,5.0,7.0,3.0,3.0,3.0,7.0,3,0.0,3.0,2,0.0,0,4,72.0,72.0,55.0,80.0,67.0,0,0.0,0,0.0,0.0,0.0,0.0,5.0,5.0,5.0,5.0,5.0,0,0,0.0,0.0,0,0,0.0,0,0,0,7.0,7.0,7.0,1.0,7.0,7.0,5.0,7.0,7.0,7.0,7.0,7.0,7.0,5.0,100.0,76.0,90.0,0,1,12.3,4.7006369426751595
996,R_2QufBOyNLcgbMk6,3.4129,-76.5191,0,41,0,3,CALI,VALLE DEL CAUCA,4.0,5.0,6.0,5,4.0,4.0,4.0,Valluno,1,4.0,4.0,4.0,4.0,4.0,4.0,4.0,0,0.0,0.0,0.0,0.0,0.0,4.0,5.0,0.0,7.0,7.0,7.0,7.0,5.0,5.0,3.0,5.0,3.0,5.0,5.0,5.0,3.0,1.0,3.0,3.0,3.0,1.0,5,5.0,3.0,5,3.0,3,0,4.0,12.0,2.0,0.0,0.0,4,0.0,0,0.0,0.0,0.0,0.0,7.0,7.0,7.0,7.0,1.0,0,0,0.0,0.0,0,0,0.0,0,1,0,1.0,7.0,7.0,7.0,7.0,7.0,7.0,7.0,7.0,7.0,7.0,7.0,7.0,7.0,100.0,100.0,100.0,1,2,23.7,9.05732484076433
1001,R_1HdUaqx5Z3P9oNB,6.2529,-75.5646,1,39,5,4,CALI,VALLE DEL CAUCA,5.0,6.0,6.0,6,3.0,5.0,5.0,Valluno,5,5.0,5.0,5.0,2.0,1.0,4.0,4.0,0,0.0,0.0,0.0,0.0,0.0,7.0,7.0,1.0,7.0,7.0,5.0,5.0,7.0,7.0,7.0,7.0,7.0,7.0,7.0,7.0,7.0,3.0,7.0,5.0,7.0,5.0,0,0.0,0.0,0,0.0,0,0,49.0,26.0,71.0,,65.0,0,0.0,0,0.0,0.0,0.0,0.0,7.0,7.0,7.0,7.0,5.0,1,0,0.0,2.0,0,0,0.0,0,2,0,7.0,7.0,7.0,7.0,7.0,7.0,7.0,7.0,7.0,7.0,7.0,5.0,7.0,7.0,0.0,100.0,50.0,1,2,39.03333333333333,14.9171974522293
1025,R_11ctiBFdCiS8AHz,3.4129,-76.5191,1,42,5,3,CALI,VALLE DEL CAUCA,2.0,5.0,5.0,4,4.0,4.0,4.0,De otra región. Cuàl?,0,1.0,7.0,1.0,5.0,7.0,7.0,3.0,1,2.0,0.0,3.0,7.0,5.0,0.0,0.0,0.0,7.0,5.0,5.0,5.0,7.0,5.0,7.0,5.0,7.0,1.0,5.0,7.0,7.0,1.0,5.0,5.0,3.0,5.0,6,6.0,6.0,6,6.0,6,6,91.0,80.0,80.0,30.0,80.0,0,1.0,5,3.0,3.0,0.0,0.0,7.0,3.0,7.0,7.0,7.0,1,0,0.0,1.0,1,2,1.0,0,0,1,7.0,7.0,7.0,7.0,7.0,7.0,1.0,7.0,1.0,1.0,1.0,1.0,1.0,7.0,70.0,70.0,90.0,6,5,24.783333333333335,9.471337579617835
1085,R_1nei1avFn24e4jg,3.4129,-76.5191,1,52,4,4,CALI,VALLE DEL CAUCA,5.0,6.0,6.0,6,5.0,5.0,5.0,Valluno,0,4.0,3.0,4.0,3.0,4.0,3.0,3.0,1,0.0,0.0,0.0,0.0,0.0,0.0,0.0,0.0,5.0,5.0,5.0,5.0,5.0,5.0,5.0,5.0,3.0,3.0,5.0,5.0,5.0,5.0,5.0,5.0,3.0,5.0,5,5.0,5.0,5,5.0,5,2,100.0,100.0,60.0,60.0,60.0,0,0.0,0,0.0,0.0,0.0,0.0,5.0,5.0,5.0,5.0,5.0,0,0,0.0,0.0,0,0,0.0,0,0,0,7.0,7.0,7.0,7.0,7.0,7.0,5.0,7.0,7.0,7.0,7.0,7.0,7.0,7.0,0.0,0.0,50.0,6,3,19.65,7.509554140127388
1087,R_7RlnMGZWNXU9OjN,3.4129,-76.5191,0,36,4,4,CALI,VALLE DEL CAUCA,5.0,5.0,5.0,5,3.0,2.0,3.0,De otra región. Cuàl?,1,2.0,1.0,1.0,1.0,1.0,1.0,2.0,0,1.0,1.0,1.0,1.0,1.0,1.0,1.0,1.0,5.0,5.0,5.0,5.0,5.0,5.0,5.0,5.0,7.0,7.0,5.0,5.0,7.0,5.0,5.0,7.0,5.0,5.0,4,0.0,2.0,2,2.0,2,4,,10.0,20.0,6.0,,1,1.0,0,0.0,0.0,0.0,0.0,1.0,7.0,7.0,7.0,7.0,0,2,2.0,1.0,1,0,2.0,2,1,1,7.0,7.0,7.0,7.0,7.0,7.0,5.0,1.0,5.0,5.0,7.0,7.0,7.0,7.0,93.0,95.0,93.0,3,3,42.65,16.29936305732484
1089,R_3fZY4AFoiKbtk5F,4.5981,-74.0799,0,32,4,1,CALI,VALLE DEL CAUCA,5.0,6.0,6.0,5,3.0,4.0,2.0,Antioqueño,3,4.0,5.0,5.0,3.0,1.0,2.0,1.0,3,7.0,4.0,7.0,0.0,0.0,0.0,0.0,0.0,5.0,7.0,5.0,5.0,7.0,5.0,5.0,5.0,7.0,5.0,5.0,5.0,5.0,7.0,3.0,5.0,5.0,7.0,3,3.0,4.0,5,5.0,1,2,52.0,77.0,43.0,86.0,94.0,0,0.0,0,3.0,7.0,7.0,7.0,3.0,7.0,7.0,7.0,7.0,0,1,1.0,1.0,2,0,1.0,0,0,2,7.0,7.0,7.0,7.0,7.0,7.0,3.0,7.0,7.0,7.0,7.0,7.0,7.0,7.0,95.0,79.0,54.0,5,4,22.666666666666668,8.662420382165605
1090,R_34rJWh7w8PnFtGp,3.4129,-76.5191,0,37,3,3,CALI,VALLE DEL CAUCA,5.0,5.0,5.0,5,4.0,5.0,5.0,De otra región. Cuàl?,2,5.0,5.0,4.0,1.0,1.0,4.0,5.0,0,0.0,0.0,0.0,0.0,0.0,5.0,4.0,0.0,1.0,7.0,7.0,7.0,7.0,5.0,5.0,7.0,5.0,1.0,7.0,5.0,5.0,5.0,7.0,5.0,5.0,5.0,6,5.0,6.0,6,5.0,5,5,1.0,2.0,15.0,2.0,10.0,0,0.0,0,6.0,0.0,0.0,0.0,5.0,5.0,5.0,5.0,7.0,0,0,0.0,0.0,0,0,0.0,0,0,0,7.0,7.0,7.0,7.0,7.0,7.0,5.0,7.0,7.0,5.0,5.0,5.0,5.0,1.0,15.0,85.0,16.0,1,2,35.88333333333333,13.713375796178344
1091,R_3dWwIptAEpl4lUi,3.4129,-76.5191,0,47,4,3,CALI,VALLE DEL CAUCA,5.0,6.0,6.0,5,5.0,5.0,5.0,Valluno,0,4.0,3.0,3.0,3.0,4.0,3.0,3.0,1,2.0,1.0,1.0,1.0,1.0,1.0,1.0,2.0,7.0,7.0,7.0,7.0,7.0,5.0,7.0,7.0,7.0,3.0,7.0,5.0,7.0,5.0,5.0,7.0,3.0,7.0,6,5.0,5.0,6,4.0,4,2,,,,,,0,1.0,0,0.0,2.0,2.0,4.0,5.0,5.0,5.0,5.0,5.0,1,2,0.0,2.0,3,1,1.0,1,2,3,1.0,1.0,7.0,7.0,1.0,1.0,7.0,7.0,1.0,1.0,1.0,1.0,1.0,7.0,100.0,100.0,100.0,2,6,112.15,42.859872611464965
1092,R_5EhIwinhCnwvaOl,3.4129,-76.5191,1,39,4,3,CALI,VALLE DEL CAUCA,5.0,5.0,6.0,5,5.0,5.0,5.0,Valluno,0,5.0,4.0,4.0,3.0,4.0,3.0,4.0,1,0.0,0.0,0.0,2.0,3.0,0.0,3.0,3.0,7.0,7.0,7.0,7.0,7.0,7.0,7.0,7.0,5.0,7.0,7.0,7.0,5.0,7.0,7.0,7.0,3.0,5.0,3,5.0,4.0,5,2.0,2,5,20.0,81.0,97.0,86.0,13.0,1,0.0,0,3.0,0.0,0.0,0.0,7.0,5.0,7.0,7.0,3.0,0,0,0.0,0.0,0,0,0.0,0,0,0,7.0,7.0,7.0,7.0,7.0,7.0,5.0,5.0,5.0,5.0,5.0,5.0,5.0,1.0,50.0,42.0,75.0,1,0,18.65,7.127388535031847
1093,R_3nUU0NjYQhQFOsO,3.4129,-76.5191,1,35,0,4,CALI,VALLE DEL CAUCA,6.0,6.0,6.0,6,6.0,5.0,6.0,Valluno,5,4.0,4.0,5.0,4.0,4.0,4.0,4.0,0,0.0,0.0,0.0,0.0,0.0,7.0,0.0,0.0,7.0,7.0,1.0,1.0,1.0,5.0,5.0,7.0,1.0,7.0,5.0,5.0,3.0,1.0,7.0,3.0,1.0,7.0,3,2.0,3.0,3,3.0,3,4,26.0,12.0,32.0,11.0,7.0,0,0.0,0,0.0,0.0,0.0,0.0,5.0,5.0,5.0,5.0,5.0,0,0,0.0,0.0,1,0,0.0,0,0,0,7.0,7.0,7.0,7.0,7.0,7.0,5.0,5.0,5.0,5.0,5.0,5.0,5.0,7.0,64.0,93.0,3.0,1,2,19.483333333333334,7.445859872611465
1094,R_7EMwfeuJW9HvYCF,4.6913,-74.032,1,43,0,3,CALI,VALLE DEL CAUCA,5.0,5.0,5.0,5,4.0,5.0,4.0,De otra región. Cuàl?,5,4.0,4.0,4.0,2.0,7.0,7.0,7.0,0,0.0,0.0,0.0,0.0,0.0,4.0,4.0,0.0,7.0,5.0,5.0,5.0,5.0,5.0,7.0,5.0,3.0,3.0,3.0,3.0,3.0,3.0,5.0,5.0,1.0,1.0,6,2.0,4.0,6,5.0,5,5,0.0,80.0,80.0,0.0,80.0,0,1.0,0,3.0,0.0,0.0,0.0,7.0,7.0,7.0,7.0,1.0,0,0,0.0,3.0,4,0,0.0,0,3,0,7.0,7.0,7.0,7.0,7.0,7.0,7.0,7.0,5.0,5.0,5.0,3.0,3.0,7.0,100.0,100.0,100.0,1,2,29.75,11.369426751592357
1095,R_7Jf4GjR8F4bFMwb,3.4129,-76.5191,0,42,5,1,CALI,VALLE DEL CAUCA,4.0,5.0,5.0,5,5.0,5.0,4.0,Valluno,0,4.0,4.0,4.0,4.0,4.0,4.0,4.0,1,3.0,3.0,3.0,3.0,4.0,3.0,3.0,3.0,5.0,5.0,7.0,7.0,5.0,5.0,5.0,7.0,7.0,5.0,5.0,7.0,5.0,5.0,7.0,7.0,7.0,5.0,3,3.0,2.0,2,3.0,3,2,2.0,20.0,20.0,10.0,20.0,1,1.0,1,1.0,1.0,2.0,1.0,7.0,7.0,5.0,5.0,5.0,1,1,1.0,1.0,2,2,2.0,2,1,1,7.0,7.0,7.0,7.0,7.0,7.0,3.0,3.0,3.0,3.0,3.0,3.0,3.0,7.0,72.0,27.0,100.0,6,5,57.36666666666667,21.923566878980893
1098,R_3S1WUnLmrU4Q4gF,3.4129,-76.5191,1,49,5,1,CALI,VALLE DEL CAUCA,6.0,6.0,4.0,6,4.0,4.0,4.0,De otra región. Cuàl?,2,7.0,7.0,4.0,7.0,5.0,7.0,5.0,0,0.0,0.0,3.0,5.0,3.0,4.0,3.0,3.0,5.0,7.0,7.0,7.0,7.0,5.0,1.0,5.0,5.0,7.0,5.0,7.0,7.0,7.0,3.0,7.0,7.0,5.0,3,6.0,5.0,5,1.0,3,3,29.0,49.0,59.0,85.0,80.0,2,3.0,0,4.0,4.0,4.0,0.0,7.0,7.0,5.0,5.0,1.0,0,1,2.0,2.0,2,1,0.0,1,2,2,3.0,1.0,7.0,3.0,7.0,7.0,3.0,3.0,1.0,7.0,3.0,5.0,3.0,3.0,7.0,7.0,100.0,1,5,82.96666666666667,31.70700636942675
1100,R_7fGs2VAHGTlciWt,3.4129,-76.5191,1,41,5,4,CALI,VALLE DEL CAUCA,6.0,6.0,5.0,5,2.0,1.0,4.0,Valluno,0,5.0,4.0,5.0,4.0,2.0,2.0,4.0,0,0.0,0.0,0.0,0.0,0.0,0.0,0.0,0.0,7.0,7.0,7.0,7.0,5.0,7.0,5.0,5.0,5.0,7.0,5.0,7.0,1.0,5.0,7.0,5.0,7.0,5.0,0,4.0,0.0,4,0.0,0,2,50.0,95.0,79.0,100.0,100.0,1,0.0,0,4.0,0.0,2.0,0.0,7.0,5.0,5.0,5.0,5.0,0,0,0.0,0.0,0,0,0.0,0,0,0,7.0,7.0,7.0,7.0,7.0,7.0,7.0,7.0,3.0,3.0,5.0,5.0,7.0,7.0,29.0,29.0,29.0,1,3,26.05,9.955414012738853
1101,R_3m9UdxmwgipfyoE,3.4129,-76.5191,0,44,0,2,CALI,VALLE DEL CAUCA,5.0,5.0,5.0,6,5.0,3.0,5.0,Valluno,0,5.0,5.0,5.0,5.0,5.0,5.0,5.0,0,1.0,5.0,1.0,1.0,3.0,0.0,0.0,0.0,7.0,7.0,7.0,7.0,7.0,7.0,7.0,7.0,5.0,7.0,7.0,5.0,3.0,5.0,5.0,3.0,3.0,7.0,2,4.0,2.0,2,0.0,0,5,50.0,50.0,50.0,71.0,90.0,0,0.0,0,0.0,0.0,0.0,0.0,5.0,5.0,5.0,5.0,1.0,0,0,0.0,0.0,0,0,0.0,0,0,0,7.0,7.0,7.0,7.0,7.0,7.0,5.0,1.0,5.0,5.0,3.0,1.0,7.0,7.0,50.0,3.0,59.0,2,1,13.183333333333334,5.038216560509555
1102,R_36umVYZwgHwA6c1,3.4129,-76.5191,1,33,5,3,CALI,VALLE DEL CAUCA,5.0,5.0,6.0,6,4.0,5.0,4.0,Valluno,0,2.0,4.0,4.0,4.0,1.0,2.0,2.0,0,0.0,0.0,4.0,4.0,0.0,4.0,0.0,0.0,5.0,7.0,7.0,7.0,7.0,7.0,7.0,7.0,1.0,5.0,3.0,7.0,3.0,7.0,5.0,7.0,7.0,7.0,0,3.0,2.0,0,0.0,0,3,0.0,15.0,96.0,,0.0,1,0.0,1,4.0,0.0,2.0,0.0,3.0,7.0,5.0,7.0,7.0,2,1,1.0,1.0,2,1,1.0,1,1,2,7.0,7.0,7.0,7.0,7.0,7.0,7.0,3.0,7.0,7.0,7.0,3.0,7.0,7.0,50.0,50.0,90.0,1,2,17.966666666666665,6.86624203821656
1103,R_5w7EePKMrqpEC9B,3.4129,-76.5191,0,32,3,4,CALI,VALLE DEL CAUCA,0.0,6.0,6.0,6,5.0,6.0,6.0,Valluno,5,5.0,5.0,5.0,7.0,3.0,7.0,3.0,0,0.0,0.0,0.0,0.0,0.0,5.0,5.0,0.0,7.0,7.0,7.0,3.0,7.0,5.0,5.0,7.0,3.0,7.0,5.0,7.0,5.0,7.0,7.0,5.0,3.0,7.0,2,2.0,2.0,2,2.0,2,2,86.0,100.0,100.0,55.0,100.0,0,0.0,0,1.0,0.0,1.0,0.0,7.0,7.0,7.0,5.0,7.0,0,0,0.0,0.0,0,0,0.0,0,0,0,7.0,7.0,7.0,7.0,7.0,7.0,7.0,7.0,7.0,7.0,7.0,7.0,7.0,7.0,86.0,100.0,,1,2,22.383333333333333,8.554140127388536
1105,R_5IBKq0MuUMuj7BD,3.4129,-76.5191,0,50,5,1,CALI,VALLE DEL CAUCA,2.0,5.0,5.0,5,6.0,5.0,5.0,Santandereano,0,4.0,1.0,1.0,1.0,1.0,1.0,1.0,1,1.0,1.0,1.0,1.0,1.0,0.0,0.0,0.0,5.0,5.0,5.0,5.0,5.0,7.0,1.0,5.0,7.0,7.0,7.0,7.0,3.0,5.0,7.0,1.0,7.0,3.0,0,0.0,0.0,0,0.0,0,0,,,10.0,,30.0,0,0.0,0,0.0,0.0,0.0,0.0,1.0,5.0,5.0,5.0,5.0,0,0,0.0,0.0,0,0,0.0,0,0,0,7.0,7.0,7.0,7.0,7.0,7.0,7.0,7.0,7.0,7.0,7.0,7.0,7.0,7.0,0.0,0.0,0.0,2,3,20.3,7.75796178343949
1107,R_7PmWLCBdLU0190B,3.4129,-76.5191,1,53,0,3,CALI,VALLE DEL CAUCA,5.0,5.0,5.0,5,4.0,4.0,4.0,Valluno,0,3.0,3.0,3.0,3.0,5.0,3.0,4.0,1,7.0,7.0,7.0,7.0,7.0,4.0,7.0,7.0,5.0,5.0,7.0,7.0,7.0,7.0,7.0,7.0,7.0,7.0,5.0,7.0,7.0,7.0,7.0,5.0,7.0,5.0,5,3.0,4.0,0,2.0,4,6,0.0,18.0,8.0,0.0,29.0,2,0.0,0,0.0,0.0,2.0,0.0,7.0,5.0,5.0,7.0,7.0,0,0,0.0,0.0,0,0,0.0,0,0,0,7.0,7.0,7.0,7.0,7.0,7.0,7.0,1.0,7.0,3.0,7.0,1.0,7.0,7.0,29.0,75.0,55.0,6,2,17.016666666666666,6.503184713375796
1109,R_3fZT6cxLG9qK5hT,3.4129,-76.5191,0,61,4,1,CALI,VALLE DEL CAUCA,5.0,5.0,5.0,5,5.0,3.0,5.0,Del eje cafetero,4,1.0,7.0,7.0,7.0,4.0,1.0,5.0,0,7.0,5.0,0.0,1.0,2.0,0.0,0.0,0.0,5.0,5.0,1.0,1.0,5.0,5.0,7.0,5.0,5.0,5.0,7.0,5.0,5.0,7.0,5.0,5.0,3.0,7.0,1,1.0,0.0,0,2.0,1,2,0.0,20.0,40.0,23.0,52.0,0,0.0,0,0.0,0.0,0.0,0.0,7.0,7.0,5.0,7.0,3.0,4,0,0.0,2.0,2,0,0.0,0,0,1,7.0,7.0,7.0,7.0,7.0,7.0,7.0,5.0,5.0,5.0,7.0,7.0,7.0,7.0,93.0,88.0,89.0,0,1,35.483333333333334,13.560509554140127
1110,R_6rpIWPa7jXdSKXk,3.4129,-76.5191,1,36,4,4,CALI,VALLE DEL CAUCA,5.0,5.0,5.0,5,5.0,4.0,5.0,Valluno,5,4.0,2.0,2.0,1.0,4.0,4.0,5.0,0,0.0,0.0,0.0,0.0,0.0,7.0,1.0,1.0,5.0,5.0,5.0,5.0,5.0,5.0,5.0,5.0,1.0,5.0,7.0,7.0,5.0,5.0,5.0,7.0,5.0,5.0,0,0.0,0.0,0,0.0,0,0,45.0,85.0,60.0,69.0,71.0,3,3.0,6,6.0,4.0,2.0,5.0,5.0,5.0,5.0,5.0,7.0,1,2,3.0,2.0,1,0,1.0,3,1,2,5.0,5.0,5.0,5.0,5.0,5.0,7.0,7.0,7.0,3.0,3.0,5.0,7.0,5.0,59.0,86.0,61.0,1,2,14.966666666666667,5.719745222929936
1113,R_3Oqw9yHXrBLP412,2.4764,-76.5716,1,36,5,3,CALI,VALLE DEL CAUCA,3.0,6.0,6.0,6,1.0,5.0,5.0,Valluno,1,3.0,3.0,1.0,1.0,1.0,1.0,4.0,0,0.0,0.0,4.0,3.0,1.0,7.0,4.0,3.0,5.0,7.0,1.0,1.0,7.0,7.0,1.0,7.0,1.0,7.0,5.0,5.0,1.0,1.0,5.0,5.0,1.0,1.0,5,1.0,5.0,4,4.0,4,1,2.0,1.0,12.0,15.0,20.0,0,3.0,0,0.0,0.0,0.0,0.0,7.0,7.0,7.0,7.0,7.0,0,0,0.0,0.0,1,0,0.0,0,0,0,1.0,1.0,1.0,5.0,7.0,7.0,5.0,7.0,5.0,7.0,7.0,7.0,5.0,5.0,100.0,100.0,100.0,1,2,61.0,23.312101910828027
1114,R_7BPeETsKTIuhAT7,3.4129,-76.5191,1,40,4,0,CALI,VALLE DEL CAUCA,7.0,7.0,7.0,5,7.0,5.0,4.0,Valluno,2,1.0,2.0,7.0,2.0,2.0,4.0,7.0,2,1.0,0.0,0.0,4.0,0.0,5.0,5.0,3.0,5.0,5.0,7.0,7.0,7.0,7.0,5.0,5.0,5.0,7.0,7.0,3.0,7.0,5.0,7.0,5.0,7.0,7.0,3,2.0,1.0,1,1.0,2,4,4.0,8.0,12.0,3.0,0.0,4,7.0,3,1.0,0.0,3.0,5.0,3.0,7.0,7.0,1.0,7.0,0,1,0.0,1.0,0,0,0.0,0,2,0,7.0,7.0,7.0,7.0,7.0,7.0,7.0,7.0,5.0,5.0,5.0,7.0,3.0,1.0,20.0,99.0,,1,2,59.75,22.8343949044586
1115,R_7qz1UyMxVKVcfiR,4.6115,-74.0833,2,40,5,1,CALI,VALLE DEL CAUCA,5.0,5.0,5.0,5,3.0,5.0,3.0,Antioqueño,0,3.0,3.0,3.0,3.0,1.0,1.0,1.0,0,0.0,0.0,0.0,4.0,5.0,0.0,0.0,0.0,7.0,5.0,5.0,5.0,5.0,5.0,7.0,5.0,3.0,7.0,5.0,5.0,5.0,3.0,5.0,3.0,3.0,7.0,0,0.0,2.0,2,0.0,0,2,0.0,0.0,0.0,1.0,43.0,2,4.0,1,2.0,0.0,0.0,1.0,5.0,5.0,5.0,5.0,3.0,2,2,1.0,1.0,1,3,2.0,1,2,1,7.0,7.0,7.0,7.0,7.0,7.0,7.0,1.0,7.0,7.0,7.0,7.0,7.0,7.0,92.0,92.0,98.0,0,1,18.916666666666668,7.229299363057325
1116,R_5ri1PjOHwMvzYAm,3.4129,-76.5191,0,43,5,4,CALI,VALLE DEL CAUCA,1.0,3.0,3.0,3,1.0,1.0,1.0,De otra región. Cuàl?,0,3.0,3.0,3.0,3.0,3.0,3.0,3.0,1,3.0,3.0,3.0,3.0,3.0,3.0,3.0,3.0,7.0,7.0,3.0,3.0,7.0,7.0,5.0,7.0,7.0,7.0,7.0,3.0,7.0,3.0,7.0,3.0,3.0,3.0,0,3.0,0.0,0,0.0,0,3,70.0,68.0,12.0,,,4,1.0,0,0.0,0.0,4.0,0.0,5.0,5.0,7.0,5.0,3.0,1,1,1.0,2.0,3,0,0.0,0,0,0,7.0,7.0,7.0,7.0,7.0,7.0,3.0,7.0,7.0,7.0,7.0,7.0,7.0,3.0,100.0,100.0,100.0,3,2,25.383333333333333,9.700636942675159
1118,R_1908e2RvXYYVu6w,3.4129,-76.5191,1,46,3,2,CALI,VALLE DEL CAUCA,6.0,6.0,5.0,0,2.0,7.0,7.0,Valluno,2,4.0,2.0,3.0,4.0,3.0,2.0,4.0,0,0.0,0.0,0.0,1.0,1.0,4.0,1.0,1.0,7.0,7.0,7.0,7.0,7.0,7.0,5.0,1.0,7.0,7.0,7.0,7.0,7.0,7.0,7.0,5.0,5.0,7.0,4,4.0,4.0,4,4.0,4,2,0.0,23.0,39.0,50.0,100.0,1,0.0,0,1.0,5.0,4.0,0.0,5.0,7.0,5.0,5.0,5.0,1,0,1.0,0.0,0,0,0.0,0,0,0,7.0,7.0,7.0,7.0,1.0,7.0,3.0,7.0,3.0,3.0,1.0,1.0,1.0,7.0,46.0,88.0,41.0,1,2,46.05,17.598726114649683
1120,R_71AykCsnRvQgz5M,3.4129,-76.5191,1,45,1,0,CALI,VALLE DEL CAUCA,1.0,5.0,5.0,5,3.0,3.0,5.0,Costeño,6,2.0,2.0,2.0,3.0,3.0,1.0,1.0,0,5.0,5.0,3.0,3.0,4.0,0.0,2.0,3.0,7.0,3.0,7.0,7.0,7.0,7.0,7.0,7.0,7.0,7.0,7.0,5.0,3.0,5.0,5.0,7.0,3.0,5.0,4,4.0,2.0,3,3.0,1,6,63.0,58.0,81.0,100.0,89.0,0,2.0,0,0.0,0.0,0.0,0.0,7.0,1.0,7.0,7.0,7.0,1,2,1.0,1.0,1,1,0.0,3,0,1,7.0,7.0,7.0,7.0,7.0,7.0,7.0,7.0,7.0,7.0,1.0,7.0,7.0,1.0,55.0,55.0,54.0,3,1,11.683333333333334,4.464968152866242
1124,R_1whaOD3JKT2uMPn,3.4129,-76.5191,0,37,0,0,CALI,VALLE DEL CAUCA,4.0,5.0,6.0,5,4.0,4.0,5.0,De otra región. Cuàl?,1,1.0,7.0,2.0,7.0,3.0,7.0,3.0,0,0.0,0.0,3.0,4.0,0.0,3.0,0.0,0.0,7.0,7.0,7.0,3.0,3.0,5.0,3.0,7.0,1.0,1.0,7.0,5.0,7.0,7.0,7.0,7.0,3.0,7.0,4,3.0,4.0,1,5.0,4,4,29.0,43.0,50.0,19.0,70.0,0,4.0,1,2.0,1.0,1.0,0.0,7.0,7.0,7.0,7.0,7.0,1,1,1.0,1.0,1,1,1.0,1,1,2,7.0,7.0,7.0,7.0,1.0,7.0,7.0,7.0,7.0,7.0,7.0,1.0,7.0,7.0,74.0,74.0,74.0,1,2,2078.3166666666666,794.2611464968153
1132,R_5hcgtBP6dEOM2n7,4.6623,-74.0769,1,49,5,4,CALI,VALLE DEL CAUCA,5.0,6.0,6.0,6,5.0,5.0,5.0,Valluno,4,4.0,4.0,4.0,4.0,4.0,1.0,5.0,0,1.0,5.0,1.0,1.0,1.0,0.0,0.0,0.0,5.0,5.0,1.0,1.0,5.0,1.0,5.0,7.0,1.0,1.0,7.0,5.0,5.0,5.0,1.0,5.0,5.0,5.0,4,1.0,4.0,4,4.0,1,4,100.0,100.0,100.0,100.0,33.0,0,0.0,0,0.0,7.0,0.0,0.0,5.0,5.0,3.0,5.0,5.0,0,0,0.0,5.0,0,0,0.0,0,0,0,1.0,1.0,1.0,1.0,1.0,7.0,1.0,1.0,5.0,5.0,5.0,7.0,5.0,1.0,100.0,100.0,100.0,0,1,17.233333333333334,6.585987261146497
1135,R_1I3uu2IG1ALMJl3,3.4129,-76.5191,0,35,4,1,CALI,VALLE DEL CAUCA,5.0,5.0,5.0,5,1.0,4.0,5.0,Del eje cafetero,1,2.0,1.0,7.0,2.0,2.0,1.0,1.0,1,0.0,0.0,0.0,0.0,0.0,0.0,0.0,0.0,5.0,5.0,5.0,7.0,7.0,7.0,7.0,7.0,3.0,3.0,5.0,5.0,5.0,5.0,7.0,5.0,7.0,7.0,2,2.0,2.0,2,2.0,3,3,14.0,39.0,55.0,55.0,83.0,1,0.0,0,4.0,0.0,0.0,0.0,7.0,7.0,7.0,7.0,3.0,1,1,0.0,2.0,1,0,0.0,0,1,1,7.0,1.0,1.0,1.0,1.0,1.0,5.0,7.0,5.0,7.0,7.0,1.0,7.0,1.0,100.0,100.0,100.0,2,3,40.93333333333333,15.643312101910828
1136,R_6rCZ0GvNu4R2xZS,3.4129,-76.5191,0,41,3,3,CALI,VALLE DEL CAUCA,5.0,5.0,5.0,1,4.0,4.0,4.0,Valluno,0,3.0,3.0,3.0,3.0,3.0,3.0,3.0,1,0.0,0.0,4.0,4.0,4.0,0.0,0.0,0.0,7.0,7.0,7.0,5.0,5.0,7.0,7.0,5.0,1.0,7.0,5.0,7.0,3.0,7.0,7.0,7.0,3.0,5.0,4,0.0,3.0,2,3.0,0,0,100.0,100.0,100.0,,100.0,1,0.0,1,3.0,1.0,1.0,0.0,5.0,7.0,5.0,5.0,5.0,2,1,2.0,1.0,1,1,0.0,0,1,0,7.0,7.0,7.0,7.0,7.0,7.0,7.0,7.0,7.0,7.0,7.0,7.0,7.0,7.0,100.0,,90.0,5,4,21.483333333333334,8.210191082802547
1137,R_7XqKLGQhXw5dGE1,3.4129,-76.5191,1,35,3,3,CALI,VALLE DEL CAUCA,5.0,5.0,5.0,5,3.0,3.0,3.0,Valluno,0,1.0,1.0,1.0,1.0,1.0,1.0,1.0,1,0.0,0.0,0.0,4.0,1.0,1.0,1.0,1.0,5.0,5.0,3.0,3.0,5.0,5.0,7.0,5.0,1.0,3.0,5.0,5.0,7.0,5.0,5.0,5.0,7.0,3.0,2,0.0,0.0,2,2.0,0,1,10.0,12.0,99.0,,98.0,0,0.0,0,1.0,0.0,0.0,0.0,5.0,5.0,5.0,5.0,5.0,0,0,0.0,0.0,1,0,0.0,0,0,1,7.0,7.0,7.0,7.0,7.0,7.0,7.0,7.0,7.0,7.0,7.0,7.0,7.0,7.0,99.0,99.0,99.0,5,3,34.86666666666667,13.32484076433121
1138,R_54kHOvxAcHyRjpf,3.4129,-76.5191,1,34,4,4,CALI,VALLE DEL CAUCA,5.0,5.0,6.0,5,2.0,4.0,1.0,Valluno,5,1.0,7.0,1.0,1.0,7.0,7.0,1.0,0,0.0,0.0,4.0,1.0,0.0,5.0,7.0,1.0,7.0,7.0,7.0,1.0,1.0,5.0,7.0,7.0,7.0,7.0,7.0,7.0,7.0,7.0,5.0,7.0,1.0,7.0,3,1.0,1.0,2,2.0,0,2,,33.0,45.0,6.0,53.0,4,0.0,0,3.0,1.0,2.0,2.0,7.0,7.0,7.0,1.0,7.0,2,2,3.0,2.0,2,3,1.0,2,2,2,7.0,1.0,7.0,7.0,1.0,7.0,7.0,7.0,7.0,5.0,7.0,1.0,7.0,1.0,50.0,85.0,60.0,1,2,20.633333333333333,7.885350318471337
1139,R_5pMaj7eCqhwB8hb,3.4129,-76.5191,1,43,3,0,CALI,VALLE DEL CAUCA,3.0,5.0,5.0,5,1.0,3.0,5.0,Valluno,0,7.0,7.0,7.0,1.0,7.0,7.0,1.0,1,3.0,7.0,1.0,3.0,1.0,1.0,1.0,1.0,7.0,7.0,7.0,7.0,7.0,5.0,7.0,5.0,7.0,5.0,7.0,5.0,7.0,7.0,7.0,5.0,7.0,7.0,0,0.0,0.0,0,0.0,0,3,23.0,15.0,40.0,98.0,18.0,0,0.0,0,0.0,0.0,0.0,0.0,7.0,7.0,7.0,7.0,7.0,0,0,0.0,0.0,0,0,0.0,0,0,0,7.0,7.0,7.0,7.0,7.0,7.0,7.0,5.0,5.0,5.0,7.0,7.0,7.0,7.0,62.0,2.0,81.0,2,3,39.4,15.05732484076433
1141,R_7eRg21baqt9mALG,3.4129,-76.5191,0,31,5,1,CALI,VALLE DEL CAUCA,6.0,6.0,6.0,6,5.0,6.0,5.0,Valluno,5,4.0,4.0,4.0,4.0,4.0,4.0,4.0,0,0.0,0.0,0.0,0.0,3.0,0.0,1.0,0.0,7.0,5.0,7.0,3.0,5.0,5.0,3.0,7.0,7.0,3.0,7.0,5.0,7.0,5.0,7.0,7.0,7.0,5.0,1,0.0,3.0,6,2.0,2,4,100.0,60.0,70.0,0.0,63.0,0,0.0,0,1.0,0.0,4.0,0.0,7.0,7.0,7.0,7.0,7.0,1,1,0.0,1.0,1,0,0.0,0,0,0,7.0,7.0,7.0,7.0,7.0,7.0,7.0,7.0,7.0,3.0,7.0,7.0,7.0,7.0,90.0,90.0,92.0,1,0,21.116666666666667,8.070063694267516
1142,R_7ArfGapL1Ms0Nhv,3.4129,-76.5191,1,42,5,3,CALI,VALLE DEL CAUCA,5.0,5.0,5.0,5,4.0,4.0,4.0,De otra región. Cuàl?,0,1.0,1.0,1.0,2.0,7.0,7.0,7.0,1,3.0,0.0,2.0,7.0,7.0,0.0,0.0,0.0,5.0,5.0,5.0,5.0,7.0,7.0,3.0,5.0,1.0,7.0,5.0,5.0,3.0,3.0,5.0,3.0,1.0,7.0,6,0.0,6.0,6,6.0,6,6,91.0,62.0,80.0,20.0,47.0,1,1.0,0,0.0,0.0,0.0,0.0,5.0,7.0,7.0,5.0,7.0,1,0,0.0,2.0,1,0,0.0,0,0,0,7.0,7.0,7.0,7.0,7.0,7.0,7.0,7.0,7.0,7.0,7.0,7.0,7.0,7.0,100.0,100.0,100.0,6,0,21.683333333333334,8.286624203821656
1143,R_17HG77I2YMc69X8,3.4129,-76.5191,0,42,5,5,CALI,VALLE DEL CAUCA,5.0,5.0,5.0,5,5.0,5.0,5.0,Valluno,4,3.0,3.0,3.0,4.0,5.0,5.0,5.0,3,5.0,4.0,0.0,1.0,0.0,0.0,0.0,0.0,7.0,7.0,7.0,7.0,7.0,7.0,5.0,5.0,7.0,7.0,7.0,3.0,5.0,5.0,1.0,7.0,5.0,5.0,1,0.0,1.0,1,1.0,1,1,100.0,100.0,100.0,100.0,100.0,0,1.0,0,0.0,0.0,0.0,0.0,5.0,5.0,5.0,5.0,5.0,0,0,0.0,3.0,0,0,0.0,0,0,0,1.0,1.0,1.0,1.0,5.0,1.0,5.0,7.0,7.0,7.0,7.0,7.0,7.0,1.0,100.0,,,0,1,34.166666666666664,13.05732484076433
1144,R_6q3ZedGy2IWW92i,3.4129,-76.5191,1,38,0,1,CALI,VALLE DEL CAUCA,6.0,6.0,6.0,6,6.0,6.0,6.0,De otra región. Cuàl?,0,7.0,7.0,7.0,7.0,7.0,7.0,7.0,1,0.0,0.0,0.0,0.0,0.0,0.0,0.0,0.0,7.0,7.0,7.0,7.0,3.0,3.0,5.0,7.0,7.0,7.0,7.0,7.0,7.0,7.0,7.0,7.0,5.0,3.0,2,0.0,0.0,0,0.0,0,0,40.0,,29.0,,38.0,0,0.0,0,0.0,0.0,0.0,0.0,7.0,7.0,7.0,7.0,7.0,0,0,0.0,3.0,2,2,2.0,2,3,2,7.0,7.0,7.0,7.0,7.0,7.0,7.0,7.0,7.0,7.0,7.0,7.0,7.0,7.0,,,,3,3,12.95,4.949044585987261
1145,R_3PpDX0WxfCth6n7,3.4129,-76.5191,1,64,6,5,CALI,VALLE DEL CAUCA,5.0,5.0,5.0,4,4.0,3.0,3.0,Valluno,2,3.0,4.0,3.0,3.0,4.0,3.0,3.0,0,0.0,0.0,2.0,2.0,3.0,5.0,3.0,3.0,7.0,7.0,5.0,5.0,7.0,5.0,5.0,7.0,7.0,5.0,5.0,7.0,5.0,5.0,3.0,5.0,3.0,5.0,1,1.0,1.0,0,1.0,0,3,,,,,,2,0.0,0,0.0,0.0,1.0,0.0,7.0,7.0,5.0,7.0,7.0,0,0,0.0,0.0,1,0,0.0,0,0,1,1.0,1.0,1.0,1.0,1.0,7.0,5.0,7.0,7.0,5.0,3.0,3.0,7.0,1.0,,,,1,2,40.65,15.535031847133759
1146,R_60vnVRr3h9gxGNp,3.4129,-76.5191,1,64,3,1,CALI,VALLE DEL CAUCA,5.0,5.0,5.0,5,3.0,3.0,4.0,Valluno,2,3.0,3.0,3.0,3.0,3.0,3.0,3.0,0,0.0,0.0,1.0,1.0,1.0,5.0,2.0,1.0,5.0,5.0,7.0,5.0,5.0,3.0,7.0,7.0,3.0,7.0,7.0,3.0,7.0,5.0,3.0,3.0,3.0,5.0,1,0.0,0.0,0,0.0,0,3,,,,,,1,0.0,0,2.0,0.0,1.0,1.0,5.0,7.0,7.0,7.0,3.0,0,0,0.0,0.0,1,0,0.0,0,0,1,1.0,7.0,7.0,7.0,7.0,1.0,5.0,5.0,5.0,5.0,5.0,7.0,7.0,1.0,,,,1,2,19.366666666666667,7.401273885350318
1148,R_1LdLxwiyuPwZxYJ,4.6623,-74.0769,3,53,5,1,CALI,VALLE DEL CAUCA,2.0,2.0,2.0,2,2.0,2.0,1.0,Bogotano,4,7.0,2.0,2.0,2.0,5.0,2.0,2.0,3,7.0,7.0,0.0,0.0,2.0,0.0,0.0,3.0,5.0,5.0,5.0,7.0,7.0,5.0,5.0,5.0,5.0,5.0,5.0,7.0,5.0,5.0,7.0,5.0,1.0,5.0,5,1.0,2.0,3,2.0,2,3,14.0,9.0,,,,3,0.0,0,0.0,0.0,1.0,1.0,7.0,1.0,3.0,7.0,1.0,0,1,3.0,1.0,2,0,5.0,1,1,1,7.0,7.0,7.0,7.0,7.0,7.0,7.0,7.0,7.0,5.0,7.0,7.0,7.0,7.0,98.0,9.0,64.0,0,1,18.8,7.1847133757961785
1149,R_3IWbWJjeMm93Flg,3.4129,-76.5191,1,53,5,3,CALI,VALLE DEL CAUCA,5.0,5.0,5.0,1,1.0,0.0,3.0,Del eje cafetero,3,1.0,1.0,1.0,7.0,1.0,1.0,1.0,0,7.0,3.0,0.0,0.0,4.0,0.0,0.0,1.0,7.0,7.0,7.0,7.0,7.0,7.0,7.0,7.0,7.0,7.0,7.0,7.0,7.0,7.0,7.0,7.0,7.0,7.0,0,0.0,3.0,6,0.0,0,3,100.0,74.0,89.0,100.0,100.0,0,7.0,1,7.0,0.0,0.0,0.0,3.0,7.0,3.0,7.0,1.0,1,3,2.0,2.0,2,3,3.0,2,3,3,7.0,7.0,7.0,7.0,7.0,7.0,1.0,7.0,5.0,5.0,1.0,7.0,3.0,7.0,100.0,,100.0,4,1,27.9,10.662420382165605
1150,R_575uwf2n6wQIYQp,3.4129,-76.5191,0,64,0,3,CALI,VALLE DEL CAUCA,5.0,5.0,4.0,5,6.0,3.0,5.0,Santandereano,4,5.0,5.0,3.0,4.0,5.0,3.0,4.0,0,4.0,4.0,5.0,2.0,1.0,0.0,1.0,1.0,5.0,5.0,5.0,5.0,5.0,7.0,7.0,3.0,5.0,7.0,5.0,7.0,5.0,5.0,7.0,5.0,7.0,7.0,4,3.0,4.0,2,2.0,1,3,53.0,79.0,35.0,80.0,42.0,3,2.0,2,5.0,1.0,0.0,1.0,5.0,5.0,7.0,7.0,7.0,3,3,2.0,1.0,0,2,1.0,2,1,1,1.0,1.0,3.0,7.0,1.0,7.0,5.0,1.0,5.0,5.0,7.0,3.0,7.0,7.0,83.0,21.0,41.0,0,1,30.0,11.464968152866241
1154,R_5WR1xRbuLbn6DhD,3.4129,-76.5191,0,49,0,3,CALI,VALLE DEL CAUCA,5.0,5.0,6.0,5,5.0,4.0,4.0,Valluno,3,2.0,2.0,2.0,1.0,2.0,2.0,2.0,0,7.0,7.0,7.0,7.0,7.0,7.0,7.0,7.0,7.0,7.0,7.0,7.0,5.0,5.0,7.0,5.0,3.0,7.0,5.0,5.0,5.0,5.0,3.0,5.0,7.0,5.0,0,0.0,0.0,4,0.0,0,0,10.0,10.0,90.0,90.0,90.0,0,0.0,0,0.0,0.0,0.0,0.0,5.0,5.0,5.0,5.0,7.0,1,1,1.0,0.0,1,1,1.0,1,0,0,7.0,7.0,7.0,7.0,7.0,7.0,7.0,7.0,7.0,7.0,7.0,7.0,7.0,7.0,50.0,10.0,50.0,0,1,14.75,5.6369426751592355
1156,R_1T5Gg5S0XXLGDRf,6.2529,-75.5646,0,61,0,3,CALI,VALLE DEL CAUCA,5.0,5.0,5.0,5,5.0,4.0,5.0,Valluno,0,7.0,1.0,1.0,5.0,1.0,1.0,1.0,0,0.0,0.0,0.0,1.0,0.0,4.0,4.0,1.0,5.0,5.0,5.0,1.0,7.0,7.0,5.0,5.0,7.0,5.0,5.0,5.0,7.0,5.0,5.0,5.0,1.0,5.0,6,6.0,6.0,6,6.0,6,6,,30.0,37.0,,21.0,4,2.0,0,1.0,1.0,0.0,0.0,5.0,5.0,5.0,5.0,7.0,1,2,1.0,2.0,2,1,1.0,2,2,2,7.0,7.0,7.0,7.0,7.0,7.0,1.0,1.0,1.0,1.0,1.0,1.0,1.0,7.0,0.0,88.0,,1,2,21.933333333333334,8.382165605095542
1157,R_3CziGlrCkvcWXv3,3.0073,-76.488,0,34,0,3,CALI,VALLE DEL CAUCA,3.0,3.0,3.0,3,6.0,0.0,6.0,Valluno,4,7.0,7.0,7.0,5.0,7.0,7.0,7.0,3,0.0,0.0,0.0,0.0,0.0,0.0,0.0,0.0,5.0,5.0,7.0,7.0,5.0,3.0,7.0,7.0,7.0,5.0,5.0,3.0,5.0,5.0,5.0,5.0,5.0,7.0,6,6.0,6.0,6,6.0,6,6,9.0,5.0,,100.0,50.0,0,0.0,0,6.0,0.0,0.0,0.0,5.0,5.0,3.0,3.0,7.0,0,0,0.0,2.0,0,0,0.0,0,0,0,7.0,7.0,7.0,7.0,7.0,7.0,7.0,7.0,7.0,7.0,7.0,7.0,7.0,7.0,100.0,100.0,100.0,1,3,52.983333333333334,20.248407643312103
1160,R_3BN1ISCfSFvQVH3,3.4129,-76.5191,0,35,3,1,CALI,VALLE DEL CAUCA,5.0,4.0,5.0,4,4.0,4.0,5.0,Valluno,4,4.0,1.0,3.0,3.0,3.0,4.0,5.0,3,7.0,7.0,1.0,1.0,4.0,0.0,1.0,1.0,7.0,7.0,7.0,7.0,7.0,5.0,7.0,5.0,5.0,3.0,5.0,5.0,5.0,5.0,7.0,1.0,7.0,7.0,2,3.0,2.0,3,1.0,1,2,18.0,69.0,66.0,100.0,83.0,0,1.0,0,0.0,2.0,6.0,0.0,7.0,7.0,7.0,3.0,7.0,0,0,0.0,0.0,0,0,0.0,0,0,0,7.0,7.0,7.0,7.0,7.0,7.0,7.0,7.0,7.0,7.0,7.0,1.0,7.0,7.0,100.0,100.0,100.0,0,1,23.783333333333335,9.089171974522293
1162,R_7zOSHRFYzDWsM0W,3.4129,-76.5191,1,39,5,3,CALI,VALLE DEL CAUCA,0.0,5.0,5.0,5,4.0,5.0,5.0,Valluno,4,1.0,1.0,1.0,1.0,1.0,1.0,1.0,1,1.0,5.0,1.0,1.0,5.0,0.0,1.0,1.0,5.0,5.0,5.0,5.0,5.0,5.0,5.0,5.0,5.0,5.0,5.0,5.0,5.0,1.0,1.0,5.0,1.0,5.0,2,2.0,4.0,4,2.0,4,4,1.0,3.0,5.0,6.0,3.0,0,0.0,0,0.0,3.0,0.0,0.0,1.0,5.0,7.0,5.0,1.0,0,0,1.0,1.0,2,0,0.0,0,3,2,7.0,7.0,7.0,7.0,7.0,7.0,7.0,7.0,7.0,7.0,7.0,7.0,7.0,7.0,28.0,28.0,28.0,1,5,24.816666666666666,9.48407643312102
1163,R_5M08y85Epkfxd40,3.4129,-76.5191,1,58,0,1,CALI,VALLE DEL CAUCA,6.0,6.0,6.0,6,5.0,5.0,6.0,Valluno,0,3.0,3.0,3.0,3.0,3.0,3.0,3.0,1,0.0,0.0,0.0,3.0,3.0,0.0,0.0,3.0,5.0,5.0,5.0,5.0,5.0,7.0,5.0,5.0,1.0,5.0,5.0,7.0,5.0,5.0,7.0,7.0,3.0,5.0,3,2.0,3.0,2,3.0,3,3,100.0,53.0,47.0,0.0,51.0,5,4.0,0,0.0,0.0,0.0,0.0,3.0,7.0,7.0,5.0,5.0,0,0,0.0,2.0,0,0,0.0,0,2,0,7.0,7.0,7.0,7.0,7.0,7.0,7.0,7.0,7.0,7.0,7.0,7.0,7.0,7.0,49.0,14.0,72.0,0,1,17.733333333333334,6.777070063694268
1164,R_1lxVXh6vMA1wjSi,3.4129,-76.5191,0,31,5,3,CALI,VALLE DEL CAUCA,1.0,6.0,7.0,5,4.0,1.0,5.0,Valluno,0,4.0,3.0,3.0,3.0,3.0,4.0,3.0,0,2.0,1.0,1.0,1.0,1.0,3.0,1.0,1.0,5.0,5.0,5.0,5.0,5.0,7.0,3.0,5.0,5.0,7.0,5.0,5.0,5.0,5.0,5.0,7.0,7.0,5.0,0,0.0,3.0,3,1.0,0,1,0.0,24.0,34.0,0.0,0.0,0,0.0,2,4.0,0.0,1.0,0.0,5.0,5.0,5.0,7.0,7.0,0,0,0.0,1.0,1,1,1.0,2,0,2,7.0,7.0,7.0,7.0,7.0,7.0,7.0,7.0,7.0,7.0,7.0,7.0,7.0,1.0,52.0,53.0,29.0,1,3,17.766666666666666,6.789808917197452
1165,R_1R9CPuqDIxqFhmO,3.4129,-76.5191,0,40,3,4,CALI,VALLE DEL CAUCA,5.0,6.0,5.0,6,4.0,5.0,5.0,De otra región. Cuàl?,2,3.0,4.0,4.0,4.0,4.0,4.0,4.0,4,1.0,1.0,1.0,3.0,3.0,5.0,3.0,3.0,5.0,5.0,5.0,5.0,5.0,5.0,7.0,5.0,3.0,3.0,5.0,7.0,7.0,5.0,7.0,7.0,3.0,5.0,4,2.0,2.0,2,2.0,3,4,69.0,56.0,76.0,42.0,49.0,0,0.0,0,3.0,0.0,3.0,0.0,5.0,5.0,5.0,7.0,1.0,0,0,0.0,0.0,1,0,0.0,0,0,1,7.0,7.0,7.0,7.0,7.0,7.0,7.0,5.0,5.0,5.0,5.0,7.0,7.0,7.0,75.0,91.0,80.0,1,2,24.583333333333332,9.394904458598726
1166,R_1Ioum53kaZfME0T,6.2529,-75.5646,1,45,4,4,CALI,VALLE DEL CAUCA,3.0,5.0,5.0,4,4.0,3.0,4.0,Valluno,0,7.0,7.0,7.0,7.0,7.0,7.0,5.0,1,0.0,0.0,4.0,0.0,0.0,0.0,0.0,0.0,7.0,7.0,3.0,3.0,7.0,3.0,1.0,5.0,1.0,3.0,7.0,7.0,7.0,7.0,7.0,3.0,3.0,7.0,0,0.0,0.0,6,0.0,0,6,0.0,0.0,0.0,0.0,,0,0.0,0,0.0,0.0,4.0,0.0,7.0,5.0,7.0,5.0,5.0,2,1,1.0,0.0,1,0,0.0,0,2,0,7.0,7.0,7.0,7.0,7.0,7.0,7.0,7.0,7.0,7.0,7.0,7.0,7.0,7.0,,,,3,3,898.5333333333333,343.38853503184714
1168,R_614JpHWG7ZsCUCx,6.2529,-75.5646,1,47,4,4,CALI,VALLE DEL CAUCA,6.0,6.0,6.0,6,4.0,4.0,4.0,Valluno,6,5.0,4.0,5.0,4.0,4.0,4.0,3.0,3,7.0,4.0,0.0,0.0,1.0,0.0,0.0,0.0,7.0,7.0,7.0,7.0,7.0,7.0,5.0,7.0,5.0,3.0,5.0,3.0,5.0,5.0,7.0,3.0,5.0,5.0,3,0.0,0.0,0,0.0,0,0,50.0,70.0,100.0,100.0,50.0,0,0.0,0,1.0,0.0,0.0,0.0,7.0,7.0,5.0,7.0,5.0,0,0,0.0,0.0,1,0,0.0,0,0,0,7.0,7.0,7.0,7.0,7.0,7.0,3.0,3.0,7.0,7.0,3.0,3.0,3.0,7.0,100.0,,,5,1,90.08333333333333,34.42675159235669
1169,R_3QupPwIOx7icuGg,3.4129,-76.5191,1,45,0,4,CALI,VALLE DEL CAUCA,4.0,7.0,5.0,2,4.0,3.0,4.0,Valluno,4,3.0,1.0,4.0,2.0,1.0,1.0,1.0,1,4.0,2.0,1.0,4.0,2.0,0.0,0.0,1.0,7.0,7.0,7.0,7.0,5.0,5.0,1.0,7.0,7.0,7.0,5.0,5.0,7.0,1.0,7.0,1.0,3.0,7.0,3,5.0,0.0,4,1.0,1,1,57.0,78.0,71.0,75.0,40.0,0,0.0,0,4.0,0.0,0.0,0.0,1.0,7.0,7.0,7.0,7.0,0,0,0.0,1.0,0,1,1.0,1,0,1,7.0,7.0,7.0,7.0,7.0,7.0,5.0,7.0,5.0,5.0,1.0,7.0,7.0,7.0,4.0,41.0,80.0,0,1,14.883333333333333,5.687898089171974
1172,R_7Kr3I0tBIV6bzcW,6.2529,-75.5646,0,54,4,3,CALI,VALLE DEL CAUCA,2.0,6.0,5.0,5,5.0,1.0,5.0,Valluno,4,5.0,2.0,1.0,5.0,5.0,1.0,4.0,0,4.0,4.0,1.0,1.0,4.0,1.0,1.0,1.0,5.0,5.0,7.0,1.0,5.0,5.0,5.0,7.0,5.0,5.0,5.0,1.0,5.0,5.0,1.0,5.0,5.0,5.0,4,4.0,4.0,4,4.0,4,4,71.0,79.0,82.0,79.0,89.0,0,0.0,0,2.0,0.0,3.0,0.0,5.0,5.0,5.0,5.0,5.0,0,0,0.0,0.0,0,0,0.0,0,0,0,7.0,7.0,7.0,7.0,7.0,7.0,7.0,7.0,5.0,5.0,5.0,7.0,7.0,7.0,49.0,32.0,69.0,5,5,32.483333333333334,12.414012738853502
1173,R_12YujJ4hvmvnkFV,3.4129,-76.5191,1,52,5,3,CALI,VALLE DEL CAUCA,5.0,5.0,5.0,5,3.0,1.0,3.0,Valluno,6,3.0,3.0,3.0,2.0,2.0,2.0,2.0,0,7.0,3.0,2.0,3.0,3.0,0.0,1.0,0.0,5.0,5.0,5.0,7.0,7.0,3.0,7.0,3.0,5.0,3.0,3.0,3.0,3.0,5.0,5.0,5.0,3.0,3.0,2,3.0,3.0,5,2.0,0,4,70.0,60.0,60.0,70.0,70.0,1,0.0,0,0.0,0.0,2.0,0.0,3.0,3.0,3.0,3.0,1.0,4,2,2.0,3.0,2,2,2.0,2,1,2,7.0,1.0,1.0,1.0,7.0,7.0,7.0,5.0,3.0,7.0,5.0,5.0,5.0,1.0,100.0,20.0,42.0,0,1,35.06666666666667,13.401273885350319
1175,R_7qh4h1N3VsZv3PB,3.2602,-76.529,1,44,0,3,CALI,VALLE DEL CAUCA,3.0,5.0,5.0,5,4.0,5.0,5.0,Valluno,4,5.0,4.0,4.0,4.0,3.0,3.0,3.0,3,3.0,4.0,3.0,1.0,1.0,0.0,0.0,0.0,3.0,7.0,7.0,1.0,5.0,5.0,7.0,5.0,7.0,5.0,5.0,5.0,5.0,5.0,5.0,5.0,7.0,7.0,3,3.0,3.0,3,3.0,3,3,,0.0,,,,2,6.0,0,0.0,0.0,2.0,0.0,7.0,7.0,7.0,7.0,7.0,0,0,0.0,0.0,0,0,0.0,0,0,0,7.0,7.0,7.0,7.0,7.0,7.0,7.0,7.0,7.0,7.0,7.0,7.0,7.0,7.0,0.0,,,5,4,17.666666666666668,6.751592356687898
1178,R_7m1nNPNhRYh0tQB,3.4129,-76.5191,1,49,5,3,CALI,VALLE DEL CAUCA,6.0,5.0,6.0,6,6.0,6.0,6.0,Valluno,6,7.0,5.0,7.0,7.0,7.0,7.0,7.0,3,7.0,7.0,0.0,0.0,0.0,0.0,0.0,0.0,7.0,7.0,7.0,7.0,7.0,7.0,3.0,3.0,3.0,3.0,7.0,3.0,3.0,5.0,3.0,3.0,3.0,7.0,2,3.0,2.0,2,2.0,2,2,100.0,100.0,100.0,100.0,100.0,0,0.0,0,0.0,0.0,0.0,0.0,5.0,7.0,5.0,5.0,5.0,0,0,0.0,2.0,0,0,0.0,0,2,0,7.0,7.0,7.0,7.0,7.0,7.0,1.0,7.0,7.0,5.0,5.0,7.0,7.0,7.0,100.0,3.0,100.0,0,1,22.983333333333334,8.78343949044586
1179,R_6EuTg52SBOtuoxi,3.4129,-76.5191,0,39,0,3,CALI,VALLE DEL CAUCA,4.0,4.0,5.0,3,3.0,4.0,4.0,Valluno,0,3.0,3.0,3.0,3.0,3.0,3.0,3.0,1,0.0,1.0,4.0,5.0,2.0,2.0,2.0,0.0,7.0,7.0,7.0,7.0,1.0,7.0,1.0,5.0,7.0,5.0,7.0,7.0,7.0,1.0,5.0,7.0,7.0,1.0,3,0.0,0.0,3,0.0,0,0,70.0,50.0,63.0,43.0,58.0,1,1.0,1,4.0,0.0,1.0,0.0,7.0,5.0,5.0,5.0,7.0,1,1,0.0,2.0,1,0,0.0,0,0,0,7.0,7.0,7.0,7.0,7.0,7.0,7.0,7.0,3.0,7.0,7.0,7.0,7.0,7.0,70.0,70.0,90.0,6,5,10.316666666666666,3.9426751592356686
1180,R_5WwIuaILJliiEXO,25.9436,-80.2264,1,49,5,1,CALI,VALLE DEL CAUCA,5.0,5.0,6.0,4,1.0,1.0,5.0,Valluno,0,4.0,7.0,7.0,7.0,4.0,1.0,5.0,0,0.0,0.0,0.0,0.0,0.0,0.0,0.0,0.0,7.0,7.0,7.0,7.0,7.0,7.0,7.0,7.0,1.0,5.0,5.0,1.0,3.0,7.0,7.0,7.0,1.0,7.0,6,6.0,6.0,6,5.0,6,6,76.0,91.0,62.0,22.0,39.0,0,0.0,0,3.0,0.0,0.0,0.0,1.0,7.0,7.0,5.0,7.0,0,0,0.0,3.0,1,2,1.0,2,1,1,7.0,7.0,7.0,7.0,7.0,7.0,7.0,7.0,7.0,7.0,7.0,3.0,3.0,7.0,18.0,,62.0,3,3,24.066666666666666,9.197452229299364
1186,R_3iUAzEskHfLAxJS,3.4129,-76.5191,1,45,4,3,CALI,VALLE DEL CAUCA,5.0,5.0,5.0,5,2.0,2.0,2.0,Valluno,4,1.0,1.0,1.0,1.0,1.0,1.0,1.0,0,3.0,3.0,1.0,3.0,2.0,1.0,1.0,3.0,7.0,7.0,7.0,7.0,7.0,1.0,7.0,5.0,7.0,1.0,7.0,7.0,3.0,5.0,5.0,3.0,1.0,7.0,6,0.0,6.0,6,0.0,6,6,62.0,80.0,54.0,100.0,83.0,0,0.0,0,0.0,1.0,0.0,0.0,5.0,7.0,5.0,5.0,5.0,1,1,1.0,1.0,3,0,1.0,1,1,3,7.0,7.0,7.0,7.0,7.0,7.0,1.0,7.0,7.0,7.0,7.0,7.0,1.0,7.0,62.0,31.0,78.0,3,3,25.633333333333333,9.796178343949045
